sno,state,type,city,address,search_hit,match_source,top_result_title,top_result_link
6,AP,Hospital,Tirupathi,"ESI Hospital, Avilala Post, RC Road, Tirupathi-517507",True,srotirupati.esic.gov.in,ESIS Hospitals | State Government-Run ESI Healthcare Facilities,https://www.srotirupati.esic.gov.in/esis-hospital
7,AP,Hospital,Adhoni,"ESI Dispensary (WEST), Madhavaram Road, Adoni-518301",False,,,
8,AP,Hospital,Godavari,"OPP. AP PAPER MILLS, SRI RAM NAGAR, RAJAHMUNDRY, EAST GODAVARI Dt. 533 102",False,,,
9,AP,Hospital,Vijayawada,"ESI Hospital, Gunadala, Vijayawada-520001, Krishna District, Andhra Pradesh",False,,,
10,AP,Hospital,Vishakhapatnam,"Med Superintendent, ESI Hospital, Gandhigram, Visakhapatnam-530005",False,,,
11,AP,Dispensary,Ananthapuram,"Court Road, Ananthapuram",False,,,
12,AP,Dispensary,Ananthapuram,"Azad nagar, Hindupur, Ananthapur Dist -515201",False,,,
13,AP,Dispensary,Chittor,"NO.3 85-Madara Street, Bargonipalem, Chittoor Dist-517416",False,,,
14,AP,Dispensary,Madanapalli,"Esi Dispensary, Dr C cousins Road, B K Palli, Madanapalli-517325",False,,,
15,AP,Dispensary,Chittor,"Esi Dispensary,9/220 Malleshmanagar, Nagari, Chittoor dist",False,,,
16,AP,Dispensary,Chittor,"Vigneswara Complex, 27/925/2, Puttur Road, Chittoor",False,,,
17,AP,Dispensary,Chittor,"15/681, Sri Ram Nagar Colony, Panagal Post Office Building, Srikalahasthi, Chittoor Dist 517644",False,,,
18,AP,Dispensary,Kadapa,"D.NO: 6/1482, 1ST FLOOR, SANKARAPURAM, KADAPA",False,,,
19,AP,Dispensary,Godavari,"up stairs tellphone exchange, DOWLESWARAM ,East Godavari Dist 533 124",False,,,
20,AP,Dispensary,Godavari,ELURU WEST GODAVARI DIST 534005,False,,,
21,AP,Dispensary,Godavari,"D No 15-3-15A, Near Rly Station, Old DSF office, Bapuji Nagar, KOVVURU, West Godavari Dist. 534 350",False,,,
22,AP,Dispensary,Godavari,"H No 11-4-37, NIDADAVOLE, West Godavari Dist 534301",False,,,
23,AP,Dispensary,Godavari,"H No 9-13-1/A, Tanuku Road, TADEPALLIGUDEM, West Godavari Dist 534 102",False,,,
24,AP,Dispensary,Godavari,"H.No 22-124/4, Sajjapuram, TANUKU, West Godavari Dist. 534211",False,,,
25,AP,Dispensary,Godavari,"H.No 3-59, VEKOPA, West Godavari Dist 534 210",False,,,
26,AP,Dispensary,Guntur,"ESI Dispensary(K.Nagar), Devapuram, 1st Line, Guntur 522006",False,,,
27,AP,Dispensary,Guntur,"D.No.5/741, Beside SKT Traders, Opp APSRTC Busstand, Chilakaluripeta - 522616, Guntur District, AP",False,,,
28,AP,Dispensary,Guntur,"H.no: 2-168, Nallapadu, Guntur Dist.-522005",False,,,
29,AP,Dispensary,Guntur,"Pedakakani, Guntur Dist-522503",False,,,
30,AP,Dispensary,Guntur,"ESI DISPENSARY, P V THOTA, GUNTUR",False,,,
31,AP,Dispensary,Vijayawada,"UNDAVALLI, Tadepalli Mandal, Vijayawada",True,justdial.com,"Esi Dispensary in Undavalli,Guntur - Best Clinics near me in Guntur ...",https://www.justdial.com/Guntur/Esi-Dispensary-Undavalli/9999PX863-X863-100824124935-M7B9_BZDET
32,AP,Dispensary,Kotnur,"Kotnur, Hindupur",False,,,
33,AP,Dispensary,Proddatur,"A.P VIDYA VIDHANA PARISHAD COMPOUND, PRODDATUR-516360",False,,,
34,AP,Dispensary,Kadapa,"4/1292, OPP. Z.P. HIGH SCHOOL, I.C.L ROAD, YERRAGUNTLA, KADAPA",False,,,
35,AP,Dispensary,Veravalli,"VERAVALLI, BAPULAPADU (GUISINA)-521110",False,,,
36,AP,Dispensary,Penamaluru,"D No: 12-109, bridge down, Penamaluru, Krishna Dist-521139",False,,,
37,AP,Dispensary,Jaggayyapeta,"D NO:3-73, BESIDE CHILLAKALLU POLICE STATION, CHILLAKALLU, JAGGAYYAPETA, KRISHNA DIST.521175",False,,,
38,AP,Dispensary,Vijayawada,"Near telephone Exchange, Beside fire station, 100 Ft Road, Auto Nagar, Vijayawada",False,,,
39,AP,Dispensary,Vijayawada,"Vijaya Lakshmi Nilayam, D.No: 24-21-3, Ashramam Street, Durga Puram, Vijayawada",False,,,
40,AP,Dispensary,Vijayawada,"D No: 24-21-3, Vijaya Lakshmi Nilayam, Asram Street, Near Bomma Center, Durgapura, Vijayawada",False,,,
41,AP,Dispensary,Vijayawada,Vijayawada,False,,,
42,AP,Dispensary,Vijayawada,"Bhavanipuram, Vijayawada, pin: 520012",False,,,
43,AP,Dispensary,Kurnool,"ESI Quarter, ESI Dispensary West, Madhavpuram Road, Adoni-518301, Kurnool Dist AP",False,,,
44,AP,Dispensary,Adhoni,"House No. 27/10, SKD Colony, Rth Road, Adoni -518301",False,,,
45,AP,Dispensary,Kurnool,"ESI DISPENSARY, NEAR GOVT HOSPITAL, OPP:PETROL BUNK, BUDHAWARPET, KURNOOL-518001",False,,,
46,AP,Dispensary,Kurnool,"ESI DISPENSARY, NEAR OLD BUS STAND ROAD, GONEGANDLA, KURNOOL-518001",False,,,
47,AP,Dispensary,Kurnool,"ESI DISPENSARY, NEAR KOVVURU SATRAM, KADAPA ROAD, NANDYALA, KURNOOL",False,,,
48,AP,Dispensary,Kurnool,"H.NO:1/526, Opp RTC Bus Stand, YEMMIGANUR-518360, Kurnool Dt., ANDHRA PRADESH.",True,justdial.com,"ESI Dispensary in Kurnool Bazar,Kurnool - Best Clinics near me in ...",https://www.justdial.com/Kurnool/ESI-Dispensary-Kurnool-Bazar/9999P8518-8518-101226182343-V5W4_BZDET
49,AP,Dispensary,Nellore,"7/208, Narsingaraopet, Near Ramalayam, Gudur, Nellore Dist. 524101",False,,,
50,AP,Dispensary,Nellore,"1/47, LIC Nagar, Nawabpet, Nellore-2",False,,,
51,AP,Dispensary,Nellore,"Esic Dispensary, Sullurupeta, Nellore district.",False,,,
52,AP,Dispensary,Tada,DNO.3/1(D) OPP TO R&B GUEST HOUSE GNT ROAD TADA-524401,False,,,
53,AP,Dispensary,Chirala,"ESI Dispensary, Near Prasad Theatre, Prakasam Dist., Chirala-523155",False,,,
54,AP,Dispensary,Guntur,"MACHERLA, GUNTUR-522426",False,,,
55,AP,Dispensary,Markapur,"H.no-4-286, beside masjid kondepalli road, wadde bazar, markapur, prakasam district, AP, 523316.",False,,,
56,AP,Dispensary,Tirupathi,"No. Type V, No.4, ESI Hospital Staff Quarters, Avilala Post, Tirupathi North 517506",False,,,
57,AP,Dispensary,Vishakhapatnam,"Chittivalasa, Visakhapatnam",False,,,
58,AP,Dispensary,Vishakhapatnam,"C/o The Incharge Medical Officer, ESI Dispensary, Ganthigram, Flat No. 104, D.No. 63-3-74, Jawahar Nagar, Sri Hari Puram, Vishakhapatnam, 530011",False,,,
59,AP,Dispensary,Vishakhapatnam,"Gopalapatnam, Visakhapatnam",False,,,
60,AP,Dispensary,Vishakhapatnam,"Industrial Estate, Kancharapalem, Visakhapatnam, A. P.",False,,,
61,AP,Dispensary,Vishakhapatnam,"ESI Dispensary, Kothavalasa, Visakhapatnam. SITE CODE: ESICDSAPVIKOTO",False,,,
62,AP,Dispensary,Vishakhapatnam,"ESI DISPENSARY, RAMNAGAR, VISAKHAPATNAM. SITE CODE: ESICDSAPVIRAMO",False,,,
63,AP,Dispensary,Vizianagaram,"SHRIRAM NAGAR, GARIVIDI, VIZIANAGARAM",False,,,
64,AP,Dispensary,Godavari,"ESI DISPENSARY, HIG-2, AP HOUSING BOARD COLONY, BHIMAVARAM, West Godavari District-534201",False,,,
65,AP,Dispensary,Ananthapuram,"D No: 3/293, Amaravathi Street, Tadipatri, Ananthpur District",False,,,
66,AP,Dispensary,Godavari,"NEAR PANCHAYATHI OFFICE, KADIYAM, EAST GODAVARI 533126",False,,,
67,AP,Dispensary,Kakinada,"ESI DISPENSARY, SAMBAMURTHY NAGAR, KAKINADA 533007",False,,,
68,AP,Dispensary,Rajahmundry,"D NO: 72-14-1/1, SAIDURGA NAGAR LALACHERUVU, RAJAHMUNDRY",False,,,
69,AP,Dispensary,Godavari,"H.No.44-4-1, Innespeta, Rajahmundry, East Godavari - 533101",False,,,
70,AP,Dispensary,Godavari,"HOUSE NO: 16-4-75/A, SAMARLAKOTA, EAST GODAVARI, 533440",False,,,
71,AP,Dispensary,Sarpavaram,"IMS, ESI DISP D.NO:69-7-8 SARPAVARAM-533003",False,,,
72,AP,Dispensary,Guntakal,"18/820 C4, 60 Feet's Road, Guntakal-515 801",True,nta.esic.gov.in,ESIC Dispensaries | Employees' State Insurance Corporation,https://nta.esic.gov.in/dispensaries
73,AP,Dispensary,Renigunta,"14-177, Gowel Nagar, Renigunta",False,,,
74,AP,Dispensary,Rajahmundry,"OPP. AP PAPER MILLS, SRIRAM NAGAR, RAJAHMUNDRY 533105",False,,,
75,AP,Dispensary,Machilipatnam,"ESIC DISPENSARY, MACHILIPATNAM",False,,,
76,AP,Dispensary,Vijayawada,"D-NO-5-110, RAMESH RESIDENCY, KUMMARI BAZAAR, BANK CENTER, KONDAPALLI, VIJAYAWADA-521228",False,,,
77,AP,Dispensary,Srikakulam,"PYDIDHEEMAVARAM, NH-5 ROAD, SRIKAKULAM",False,,,
78,AP,Dispensary,Vishakhapatnam,"DNO:31-27-46/B, Prince Enclave, Rly.Station Road, Kumnanmodalam, Visakhapatnam District, Andhrapradesh.",False,,,
79,AP,Dispensary,Vizianagaram,"NEELIMARLA, VIZIANAGARAM",False,,,
80,AP,Dispensary,Vishakhapatnam,"POTHAGANTIYADA, VISAKHAPATNAM",False,,,
81,AP,Dispensary,Vizianagaram,"CANTONMENT POST OFFICE, VIZIANAGARAM",False,,,
82,AP,Dispensary,Koduru,"D.NO:1/235-1, NEAR ANJANEYA SWAMY TEMPLE REDDY VARI PALLY ROAD RLY KODURU",False,,,
83,AP,Dispensary,Vijayawada,"H.No.23-8-45, Ramulavaristreet, VIJAYAWADA-11, Vijayawada(ADC) (ESICDSAPVJZAT20-011)esi dispensary, hanuman street, upstairs of sbi, satyanarayana puram, vijayawada-520002)",False,,,
84,AP,Dispensary,Nellore,"Insurance Medical Officer, ESI Dispensary, Chira Padugupadu, NELLORE - 524 004",False,,,
85,AP,Dispensary,Vizianagaram,"D No 760/1, GIDDALURU, Prakasam Dist. 523 558(New Address-ESI Dispensary, (C/O) S. Venkata Rao, Govt Hospital Road Near prajavidya sala, GODDALLUR, Prakasam Dist. 533 558",False,,,
86,AP,Dispensary,Vishakhapatnam,"D.No 8-1-58, Near pontulugari mada, OldGajuwaka, Visakhapatnam-530 026",False,,,
87,AP,Dispensary,Pondicherry,"NEW ADDRESS: ESI Dispensary, Draksharma road, near ITI, Opposite to Yanam sub jail, Yanam, Andhra Pradesh 533464",False,,,
88,AP,Dispensary,Vishakhapatnam,"ESI Dispensary, Sai Enclave Near Heritage Parlour, Akkayyapalem, Vishakhapatnam-531011",False,,,
89,AP,Branch Office,Adhoni,"ESI BRANCH OFFICE, ESI COMPOUND WALL, ADONI-518302, KURNOOL-DT",False,,,
90,AP,Branch Office,Vishakhapatnam,"CHITTIVALASA, VISAKHAPATNAM",False,,,
91,AP,Branch Office,Chittor,"Near Nutren Factory, Palamaneru Road, Chittoor-517002",False,,,
92,AP,Branch Office,Eluru,"D NO 20C-8-6, Raja Nilayam, Paleetivari street, Powerpet Eluru 534002",False,,,
93,AP,Branch Office,Guntur,"D NO: 10/1 Arundalpet, Guntur 522002",False,,,
94,AP,Branch Office,Kadapa,"DO No. 45/376, 1st Floor, Above Syndicate Bank, ITI Circle BALAJI Nagar, Main Road Kadapa-516001",False,,,
95,AP,Branch Office,Kurnool,"BRANCH OFFICE, OPP AP TOURISUM HOTEL, VENKATA RAMANA COLONY, KURNOOL-518001.",False,,,
96,AP,Branch Office,Chittor,"H.no 111-193-4-1, opp apsrtc bus stand, madanapally, chittoor-517325",True,yappe.in,ESI Branch Office - Insurance agency - Chittoor - yappe.in,https://yappe.in/andhra-pradesh/chittoor/esi-branch-office/1941331
97,AP,Branch Office,Nellore,"Branch Office, D NO 24/3/240, Near Mee Seva, SOBHAN NAGAR, Nellore Andhra Pradesh 524003",False,,,
98,AP,Branch Office,Vizianagaram,"NELLIMARLA, VIZIANAGARAM.",False,,,
99,AP,Branch Office,Tanuku,"D NO 22-19-33, -Proud Satyanarayana puram, Opp: Gollapudi venkataraya Memorial polytechnic college, Tanuku-534211.",False,,,
100,AP,Branch Office,Tirupathi,"D. No. 6-1-77/A, Varadaraja Nagar, KT Road, Tirupathi.",False,,,
101,AP,Branch Office,Vijayawada,"ESIC BRANCH OFFICE, NEAR RRI STATION, AUTO NAGAR, VIJAYAWADA-520007",False,,,
102,AP,Branch Office,Vijayawada,"28-22-30, MUDUNURI VARI STREET, NUTAN TOWERS, NEAR JAYARAM THEATRE, GANDHI NAGAR, VIJAYAWADA-520003",False,,,
103,AP,Branch Office,Vizianagaram,"SRI RAM NAGAR, GARIVIDI, VIZIANAGARAM.",False,,,
104,AP,Branch Office,Vishakhapatnam,"Marripalem, ESIC BO, Visakhapatnam",False,,,
105,AP,Branch Office,Vizianagaram,"RING ROAD, VIZIANAGARAM.",False,,,
106,AP,Branch Office,Hindupur,"Branch Manager, Branch Office, ESI Corporation, D.No.26-4-744/1, Near Shanti Talkies, Hindupur-515201",False,,,
107,AP,Branch Office,Kakinada,"ESI DISPENSARY COMPOUND, SAMBAMURTHY NAGAR, KAKINADA",True,kakinadahospital.esic.gov.in,ESIC Dispensary-cum-Branch Office (DCBO) | Healthcare Services,https://kakinadahospital.esic.gov.in/dcbos
108,AP,Branch Office,Rajahmundry,"BRANCH OFFICE, ESI CORPORATION, 26-2-6, KOPPISETTYVARI STREET, KAMBALAPETA, UPSTAIRS OF UNION BANK, RAJAHMUNDRY-53310",False,,,
109,AP,Branch Office,Vishakhapatnam,"Patnaik Chambers, Door No 7-9-12, Pantulugari meda, NH-5 Road, Opp. Electrical Sub-Station, Old Gajuwaka Post, Visakhapatnam",False,,,
113,ASSAM,Hospital,Guwahati,"ESI Model Hospital, Beltola, Guwahati - 781022, Assam",False,,,
114,ASSAM,Dispensary,Guwahati,"Opp. Military Camp, P.O-Amingaon, Guwahati-781031",False,,,
115,ASSAM,Dispensary,Guwahati,"House No. 8, Bye lane No-3, Barnachal, Bamunimaidan, Guwahati-781021",False,,,
116,ASSAM,Dispensary,Guwahati,"Narengi, Forest Gate, Guwahati-781026, Assam",False,,,
117,ASSAM,Dispensary,Guwahati,"H. No. 8, Usha Nagar, Super Market, Guwahati-781006, Assam",False,,,
118,ASSAM,Dispensary,Guwahati,"""Mamata""120, Gopinath Nagar, Guwahati-781016",False,,,
119,ASSAM,Dispensary,Guwahati,"Near Boragaon L.P. School, P.O. Gotanagar, Guwahati-781033",False,,,
120,ASSAM,Dispensary,Jalukbari,"Opp. Of GMOCA Eye Institute, West Jalukbari-14",False,,,
121,ASSAM,Dispensary,Guwahati,"P.O. Noonmati, Guwahati-781020",False,,,
122,ASSAM,Dispensary,Dhaligaon,"P.O. Dhaligaon, Dist. Bongaigaon-783380",False,,,
123,ASSAM,Dispensary,Dhubri,"Dhubri Bidyapara, P.O. Dhubri, Dhubri-783301",False,,,
124,ASSAM,Dispensary,Dibrugarh,"P.O. C.R. Building, Milannagar I-Lane, Dibrugarh-786003",False,,,
125,ASSAM,Dispensary,Numaligarh,"Numaligarh Tiniali,P.O. Kalalghat, P.O. Numaligarh, Dist. Golaghat",False,,,
126,ASSAM,Dispensary,Jorhat,"Neheru Park, Near Janam Bhumi Press, R. K. Path, Jorhat, Assam PIN- 785001",False,,,
127,ASSAM,Dispensary,Nijrajapur,"Nijrajapur, Opp. Union Club, Jagiroad, Dist. Morigaon",False,,,
128,ASSAM,Dispensary,Lakhinagar,"P.O. Haibargaon, Lakhinagar, Dist.-Nagaon-782002",False,,,
129,ASSAM,Dispensary,Tezpur,"Jahanagar, P.O. Tezpur, Dist. Sonitpur",False,,,
130,ASSAM,Dispensary,Tiniali,"Digboi Tiniali, P.O. Digboi, Dist. Tinsukia",False,,,
131,ASSAM,Dispensary,Doomdooma,"Azad Road, Near Lotus School, PO & Dist : Doomdooma",False,,,
132,ASSAM,Dispensary,Guwahati,"8th Mile, Guwahati-781022",False,,,
133,ASSAM,Dispensary,Makum,"P.O. Makum, Dist. Tinsukia",True,mappls.com,"ESI Dispensary, Makum, Assam, 786170 - mappls.com",https://www.mappls.com/n9jlp2
134,ASSAM,Dispensary,Margherita,"P.O. Margherita, Chegushari Tiniali, Udayog Nagar, Dist. Tinsukia",False,,,
135,ASSAM,Dispensary,Parbotiya,"P.O. Sukhanpukhuri, Parbotiya, Dist. Tinsukia",False,,,
136,ASSAM,Dispensary,Tinsukia,"Bordoloi Nagar, Tinsukia-786125",False,,,
137,ASSAM,Dispensary,Meghalaya,"Lower Lachumiere, Shillong-793001, Meghalaya",False,,,
138,ASSAM,Dispensary,Meghalaya,"Teja Bagan, EPIP, Byrnihat-793101, Meghalaya",False,,,
139,ASSAM,Dispensary,Nagaland,"Mero's Building 2nd Floor, 4th Mile, Diphupar, Dimapur, Nagaland PIN - 797112",False,,,
140,ASSAM,Dispensary,Tripura (West),"Shyamali Bazar, Kunjaban, Agartala, Tripura(West)-799006",False,,,
141,ASSAM,Dispensary,Duliajan,"C/o-Utpal Goroh, Near AGCL Maingate, Indian Bank Complex, P.O-Duliajan, Dist- Dibrugarh",False,,,
142,ASSAM,Dispensary,Ulubari,"Senapati Road, Silpukhuri, Guwahati-781003",False,,,
143,Assam,Dispensary,Churachandrapura,"Yaima Commercial Complex, Keishampat Junction, Churachandrapura Parking, West Imphal, Manipur - 795001",False,,,
144,ASSAM,Branch Office,Guwahati,"MRD Road, House No. 16, Bamunimaidan, Guwahati-781021",False,,,
145,ASSAM,Branch Office,Guwahati,"ESI Corporation 2nd Floor Prabha Bhaban Adabari Tiniali, Ghy - 781012",False,,,
146,ASSAM,Branch Office,Guwahati,"ESI Corporation, Narengi, Patharquarry, VIP Road, Ghy-781026",False,,,
147,ASSAM,Branch Office,Nagaon,"ESI Corporation, PWD Colony, Bhotikatia, Nagaon-782002",False,,,
148,ASSAM,Branch Office,Guwahati,"Poniya Grant Teligarom, Dist Golaghat, Guwahati, Assam 785699, India",False,,,
149,ASSAM,Branch Office,Tezpur,"Bishnu Rabha Path, Kamar Chuburi, N T Road, Tezpur - 784001",False,,,
150,ASSAM,Branch Office,Jorhat,"ESI Corporation, House No. 392, Ward No. 10, Phukan Ali, Tarajan, Jorhat - 785001",False,,,
151,ASSAM,Branch Office,Tinsukia,"Branch Office, Tinsukia, ESIC, Udyognagar, Sukan Pukhuri, Tinsukia - 786125",False,,,
152,ASSAM,Branch Office,Bongaigaon,"ESI Corporation, Chapaguri Road Near R N Motors, Bongaigaon-783380",False,,,
153,ASSAM,Branch Office,Dhubri,"ESI Corporation,, A C Dasgupta Road Tetultola, Dhubri - 783301",False,,,
154,ASSAM,Branch Office,Silchar,"ESI Corporation, Deshbandhu Road Silchar 788005",False,,,
155,ASSAM,Branch Office,Meghalaya,"Temple Road, Lower Lachumiere Shillong, Meghalaya, PIN - 793001",False,,,
156,ASSAM,Branch Office,Meghalaya,"Amiol Road, Byrnihat, Meghalaya PIN - 793101",True,megesis.nic.in,ESI Scheme in Meghalaya: Office of the Administrative Medical Officer ...,https://megesis.nic.in/
157,ASSAM,Branch Office,Nagaland,"Mero's Building 2nd Floor, 4th Mile, Diphupar, Dimapur, Nagaland PIN - 797112",False,,,
158,ASSAM,Branch Office,Tripura (West),"Shyamali Bazar, Kunjaban, Agartala, Tripura (West) PIN - 799006",False,,,
159,ASSAM,Branch Office,Barpeta,"BARPETA TOWN, DISTRICT: BARPETA, ASSAM, PIN - 781301",False,,,
160,ASSAM,Branch Office,Chirang,"PO: CHIRANG, ASSAM-783385",False,,,
161,ASSAM,Branch Office,Lakhimpur,"PO: NORTH LAKHIMPUR, ASSAM-787031",False,,,
162,ASSAM,Branch Office,Sibsagar,"A T ROAD, SIBSAGAR, ASSAM - 785640",False,,,
163,ASSAM,Branch Office,Udalguri,"Udalguri, Assam 784509",False,,,
164,ASSAM,Branch Office,Nalbari,"Near Gordon College, Nalbari-781335",False,,,
165,ASSAM,Branch Office,Majuli,"Garmur, Majuli, Assam-785104",False,,,
166,ASSAM,Branch Office,Dibrugarh,Dibrugarh Town,False,,,
167,ASSAM,Branch Office,Mangaldai,Mangaldai Town,False,,,
168,ASSAM,Branch Office,Chhaygaon,Chhaygaon Town,False,,,
169,ASSAM,Branch Office,Goalpara,Goalpara Town,False,,,
170,ASSAM,Branch Office,Ambassa,"GANGANAGAR, AMBASSA, TRIPURA-799289",False,,,
171,ASSAM,Branch Office,Bishalgarh,"CENTRAL ROAD, BISHALGARH, TRIPURA - 799104",False,,,
172,ASSAM,Branch Office,Udaipur,"RADHAKISHORPUR, UDAIPUR, TRIPURA - 799120",False,,,
173,ASSAM,Branch Office,Dharmanagar,"THANA ROAD, DHARMANAGAR, NORTH TRIPURA, TRIPURA 799250",False,,,
174,Assam,Branch Office,Churachandrapura,"Yaima Commercial Complex, Keishampat Junction, Churachandrapura Parking, West Imphal, Manipur - 795001",False,,,
177,Bihar,Hospital,Patna,"Medical Superintendent, E.S.I. Hospital, Phulwarisharif, Patna",False,,,
178,Bihar,Dispensary,Bhagalpur,"Type-III, Quarter No. 201, TTS, Contractors Colony, NTPC Campus, KAHALGAON, PIN-813214",False,,,
179,Bihar,Dispensary,Bihar Sharif,"IMO In-Charge, Magal Kuan, Opp. Water Tank, Biharsharif, ESI Dispensary, Biharsharif, Maghal Kuan, P.O. Sohsarai, Distt Nalanda 803118",False,,,
180,Bihar,Dispensary,Gaya,"IMO Incharge, H/o-Sri Narayan Prasad, S/o Late, House No-47, Ashok Nagar, Ward No-10, P.S. Rampur, Distt- Gaya, Pin Code- 823001, Bihar",False,,,
181,Bihar,Dispensary,Katihar,"IMO In-Charge ,Angara Chowk,Daheria Road, Katihar",False,,,
182,Bihar,Dispensary,Muzaffarpur,"IMO In-Charge, Kalambagh Chowk, Muzaffarpur",True,esicbihar.in,ESIC Dispensary in Bihar - ESICBihar,https://esicbihar.in/esic-dispensary-in-bihar/
183,Bihar,Dispensary,Patna,"ESI Dispensary, Mahabir Nagar, Main Road, Digha, Patna",False,,,
184,Bihar,Dispensary,Patna,"ESI Dispensary, Bata (G) (Digha, Nasangar) Patna",False,,,
185,Bihar,Dispensary,Patna,"ESI Dispensary, Bata Factory Campus, Hathidah, Mokameh, Patna",False,,,
186,Bihar,Dispensary,Patna,"IMO In-Charge ,Ashok Nagar, Road No-7, Kankarbagh, Patna-800020.",False,,,
187,Bihar,Dispensary,Patna,"IMO In-Charge, Rampur Khirki, Near Nath Cold storage, Patna city, Patna/ESI Dispensary, In front of Raj Cold Storage, Jallapur, Ranipur, Patna.",False,,,
188,Bihar,Dispensary,Rohatas,"IMO In-Charge, Banjari, Rohtas",False,,,
189,Bihar,Dispensary,Hajipur,"IMO In-Charge, Rana Pratap Colony,Station Road, Hajipur",False,,,
190,Bihar,Dispensary,Samastipur,"ESIC Dispensary, Samastipur",False,,,
191,Bihar,Dispensary,Munger,"IMO In-Charge, Sojhi Ghat, Munger",False,,,
192,Bihar,Dispensary,Bhagalpur,"IMO In-Charge, Ma Medico, Lahari Tola, Bhagalpur",False,,,
193,Bihar,Dispensary,Patna,"IMO In-charge, ESI Dispensary, H/O- Sri Ram Lawtiya Singh, House no-1/b, Road No-25, Sri Krishna Nagar, Patna, Pin code- 800001",False,,,
194,Bihar,Branch Office,Barauni,"College Road, Barauni Dr.Indira Raj Clinic Peepra Road West BUD College,, College Road, Begusarai)",False,,,
195,Bihar,Branch Office,Bhagalpur,"ESIC Office, Smt. Priyanka Soni, C/o-Rajiv Kumar Singh, Infront of DDC House, Aadamour, Bhagalpur, Pin Code- 812001",False,,,
196,Bihar,Branch Office,Bihar Sharif,"ESIC Branch Office, Ana Ghat St Road Khana More Biharshari 1st Floor,Sagar kumar Palace,Khandak Mor(Station Rd.),Bihar Sharif, Nalanda)",False,,,
197,Bihar,Branch Office,Darbhanga,Sinha homeopathic meducal college bakaraganj lahariya sarai,False,,,
198,Bihar,Branch Office,Dugha,"H/O Sri Deo Narayan Singh, First Floor, Near Kurji Pool, Digha, Patna-800001",False,,,
199,Bihar,Branch Office,Gaya,"H/o Late M. M Singh, Durga Asthhan Tutwari, Gaya",True,esic.gov.in,ESIC Dispensary-cum-Branch Office (DCBO) | Healthcare Services,https://esic.gov.in/dcbos/index/page:3
200,Bihar,Branch Office,Hajipur,"ESIC Branch Office, Ramaykunj, Maharana pratap colony, Hajipur, Vaishali, Pin Code 844101",False,,,
201,Bihar,Branch Office,Katihar,"Angara Chowk, Katihar",False,,,
202,Bihar,Branch Office,Mokama,"Gurudep Tola Mokamajed branch office, Gurudev Tola near bharat began eng Works, Mokamah(they shifted just right road to left road)parshuram asthan ward number 1",False,,,
203,Bihar,Branch Office,Muzaffarpur,"Behind S.B.I., Bhagwanpur Chowk Muzaffarpur(Power house, Madipur,Muzaffarpur)",False,,,
204,Bihar,Branch Office,Munger,"ESI Dispensary Building, Sojhi Ghat, Munger",False,,,
205,Bihar,Branch Office,Patna,"Panchdeep Bhawan, J.L.Nehru Marg, Patna",False,,,
206,Bihar,Branch Office,Patna,"Marpha Road, Patna City",False,,,
207,Bihar,Branch Office,Rohatas,ESI Dispensary Building Banjari Rohtas,False,,,
208,Bihar,Branch Office,Samastipur,"Branch Manager, ESIC, Branch Office, Vill-Musapur, Posh- Naranga, Distt- Samastipur",False,,,
209,Bihar,Branch Office,Bihar,"Type-III, Quarter No. 202, 115, Contractors Colony, NTPC Campus, KAHALGAON, PIN- 813214",False,,,
210,Bihar,Branch Office,Dumraon,"H/O- Shri Ram Singh, Rajgarh, Dumrao, Buxar",False,,,
213,C.G.,Dispensary,Raipur,ESI Disp. Opposite Banna Petrol Pump Madhav Rao Sapre Nagar Bilaspur Road Beergao-493221,False,,,
214,C.G.,Dispensary,Chhattisgarh,"ESI Dispensary, Krishna chook, Patel Bhawan, Mandir Hasoud, Raipur, 492101(CG)",False,,,
215,C.G.,Dispensary,Chhattisgarh,ESI DISPENSARY HOUSE OF DOMAN PRASAD JOSHI NEAR RAILWAY STATION BAIKUNTH TILDA RAIPUR (C.G.),False,,,
216,C.G.,Dispensary,Raipur,ESI Dispensary HIGD 117/G Housing Board Colony Phase-3 Goal Chowk Kabir Nagar Raipur C.G.,False,,,
217,C.G.,Dispensary,Raipur,"ESI Dispensary, Jaitwa building, Opp. State Bank, Above Kamra Vedica, Dispuran road, Fafadi, Raipur (CG)",False,,,
218,C.G.,Dispensary,Bhilai,"ESI Dispensary, school no 24, sector-11, zone-2, Khursipar, Bhilai, Durg, CG",False,,,
219,C.G.,Dispensary,Bhilai,"ESI Dispensary c/o R.R. Singh Plot No. 10/11-12, Radhika Nagar, Supela, Bhilai - 490023",False,,,
220,C.G.,Dispensary,Durg,"ESI Dispensary, Opp Housing Board Colony, G.E.Road, Kumhari, Distt-Durg (CG), 490042",False,,,
221,C.G.,Dispensary,Bhilai,"ESI Dispensary, Gandhi Chowk, Sondang (JCV), Hathkhoj, Bhilai, Durg, CG - 490026",False,,,
222,C.G.,Dispensary,Chhattisgarh,"ESI Dispensary, Village and post Ravmara, Dist. Durg (C.G.), PIN 491001",False,,,
223,C.G.,Dispensary,Bilaspur,"ESI Dispensary, Jarhabhata, Mandir Chowk, Near Imambada, Raipur Road, Bilaspur, CG",False,,,
224,C.G.,Dispensary,Champa,"ESI Dispensary, C/o Shri Akwari Begam Nizwi, CSVR Chowk, Near Telephone Exchange, Janjgir, Champa, CG",False,,,
225,C.G.,Dispensary,Chhattisgarh,"ESI Dispensary, Jindal Electronic Power Plant, JINDAL ROAD, PATRAPALI, RAIGARH, CG",False,,,
226,C.G.,Dispensary,Raigarh,"ESI Dispensary, Kirodimal Nagar, Mohan Jute Mill Road, Raigarh, CG",False,,,
227,C.G.,Dispensary,Chhattisgarh,"ESI Dispensary, Near Nakra Factory, Kotba Road, Tumidih, Raigarh, CG 496001",False,,,
228,C.G.,Dispensary,Chhattisgarh,"ESI Dispensary, Opp. Surabhi Restaurant, Near SBI Bank, Balco, Dist Korba",False,,,
229,C.G.,Dispensary,Korba,"ESIC, 1st Floor Vikash Bhavan, Old Bus Stand, Korba, CG",False,,,
230,C.G.,Dispensary,Chhattisgarh,"ESI Dispensary, Near Vinod Dharamkanta, Tedesara Rajnandgaon, CG",False,,,
231,C.G.,Dispensary,Rajnandgaon,"Old District Hospital Near Gurudwara Chowk, C/o Hospital Ke Piche (Old T.V. Hospital) Rajnandgaon, CG 491441",False,,,
232,C.G.,Dispensary,Chhattisgarh,"ESI Dispensary, H.No. V/108, Balaji Nagar, Ratnabandha Road, P.O. Vihar, Vivekanand Nagar Dhamtari",False,,,
233,C.G.,Dispensary,Chhattisgarh,"ESI Dispensary, 28-South Avenue, Choubey Colony, Raipur, CG 492001",True,esic.gov.in,ESIC Dispensaries | Employees' State Insurance Corporation,https://www.esic.gov.in/dispensaries
234,C.G.,Dispensary,Akaltara,"Employees' State Insurance (ESI) Dispensary, Akaltara, Masjid Road, Ward No. 4, Akaltara, District Janjgir Champa, Chhattisgarh, PIN-495552",False,,,
235,C.G.,Dispensary,Baloda,"Employees' State Insurance (ESI) Dispensary, Baloda Bazar, C/o Dinelesh Jaiswal, Khasra No. 35/2, Vaishnav Colony, Garden Chowk, Civil Line, Baloda Bazar, Dist- Baloda Bazar, CG - 493332",False,,,
236,C.G.,Dispensary,Bilha,"Employees' State Insurance (ESI) Dispensary, Bilha, C/o Ratan Lal Agrawal, Near Cooperative Bank, Bilha, District- Bilaspur, CG",False,,,
237,C.G.,Dispensary,Bhatapara,"Employees' State Insurance (ESI) Dispensary, Bhatapara, C/o Anand Kumar Sao / Shivaram Sabote, Gandhi Mandir Ward, Bhatapara, Dist- Baloda Bazar, CG, PIN-493118",False,,,
238,C.G.,Dispensary,Bhilai-3,"Employees' State Insurance (ESI) Dispensary, Bhilai-3, C/o Anjal Lal Chandrakar, 13- A/5, North Vasundara Nagar, Sirsa Gate Chowk, Bhilai-3, District- Durg, CG, PIN-490021",False,,,
239,C.G.,Dispensary,Dabhra,"Employees' State Insurance (ESI) Dispensary, Dabhra, C/o Smt. Shakun Rathor, Village: Tundri, Via Adbhar, Dabhra, District: Janjgir Champa",False,,,
240,C.G.,Dispensary,Durg,"Employees' State Insurance (ESI) Dispensary, Durg, C/o Shri Sanjeev Bohar, Opposite District Industry Center, Malviya Nagar, Durg, District- Durg, CG, PIN-491001",False,,,
241,C.G.,Dispensary,Jamnipali,"Employees' State Insurance (ESI) Dispensary, Jamnipali, Alknanda Vihar Colony, Qtr. No. I-775, 776, 781 & 782, Hasdeo Thermal Power Project (West), Darri, Jamnipali, District Korba, CG, PIN-495450",False,,,
242,C.G.,Dispensary,Jamgaon,"Employees' State Insurance (ESI) Dispensary, Jamgaon, C/o Vijay Shankar Chouresiya, Village: Jamgaon, Jamgaon Railway Station (Kalmi Rahat), District: Raigarh, PIN-496107",False,,,
243,C.G.,Dispensary,Urga Patadi,"Employees' State Insurance (ESI) Dispensary, Urga Patadi, C/o Lalaram Rajwade, Bhauma Road, Urga, District Korba, CG, PIN-495674",False,,,
244,C.G.,Dispensary,Rajim,"Employees' State Insurance (ESI) Dispensary, Rajim Nawapara, C/o Shri Nairuthin Rizwi, Raja Colony, Ward No.-02, Near National Public School, Nawapara, Rajim, District: Gariyaband, CG, PIN-493885",False,,,
245,C.G.,Dispensary,Rishali Maroda,"Employees' State Insurance (ESI) Dispensary, Rishali Maroda, C/o Shri Ashok Kumar Pandey, Ganesh Nagar, Gali No.1, Rishali, Bhilai, District- Durg, CG, PIN-490006",False,,,
246,C.G.,Dispensary,Sipat,"Employees' State Insurance (ESI) Dispensary, Sipat, C/o Jyoti Enterprises, Jyoti Complex, Opp. N.T.P.C. Material Gate, Kahero Road, Sipat, District Bilaspur, CG, PIN-495555",False,,,
247,C.G.,Dispensary,Tumdibod,"Employees' State Insurance (ESI) Dispensary, Tumdibod, C/o Rajesh Kumar Sahu S/ O Shri Vishram Sahu, Ward No.1, Khasra No. 195/3, Near Jain Hardware Stores, Tumdibod, Dongargaon, District Rajnandgaon, CG, PIN-491441",False,,,
248,C.G.,Dispensary,Jamul,"Employees' State Insurance (ESI) Dispensary, Jamul, C/o Shri Manoj Kumar Sinha, Ground Floor, Laxmi Nagar, Near Durga Mandir, Jamul, District- Durg, CG, PIN-490024",False,,,
249,C.G.,Dispensary,Bhupdeopur,"Employees' State Insurance (ESI) Dispensary, Bhupdeopur, C/o Vijay Kumar Agrawal, Station-Bhupdeopur, Village-Dhaurabhata, Tehsil-Kharsia, District- Raigarh, PIN-496661",False,,,
250,C.G.,Dispensary,Tamnar,"Employees' State Insurance (ESI) Dispensary, Tamnar, C/o Anup Kumar Agrawal, Village & PO Dhaurabhata, Tamnar, District: Raigarh, PIN-496197",False,,,
251,C.G.,Dispensary,Diuka,"Employees' State Insurance (ESI) Dispensary, Diuka, C/o Ward No. 4, Subhash Nagar, Post Diuka, District- Korba, CG, PIN-495452",False,,,
252,C.G.,Dispensary,Sejbahar-Dunda,"Employees' State Insurance (ESI) Dispensary, Sejbahar-Dunda, Near Kali Mandir, Old Dhamtari Road, Dunda, Sejbahar, Near Kamal Vihar, District Raipur",False,,,
253,C.G.,Dispensary,Hirmi Rawan,"Employees' State Insurance (ESI) Dispensary, Hirmi Rawan, 1-270, V-Colony, Ultratech Cement, Rawan, District: Balodabazar-Bhatapara, CG, PIN-493196",False,,,
254,C.G.,Dispensary,Chandrapur Sarangarh,"Employees' State Insurance (ESI) Dispensary, Chandrapur Sarangarh, Near Ajay Medical Store, Bus Stand, Chandrapur, District: Raigarh, PIN-495692",True,esic.gov.in,ESIC Dispensaries | Employees' State Insurance Corporation,https://www.esic.gov.in/dispensaries
255,C.G.,Branch Office,Raipur,"Branch Office, ESIC, 28, College Road, Choubey Colony, Raipur, CG 492001",False,,,
256,C.G.,Branch Office,Bhilai,"Branch Office, ESIC, 6/B, Priyadarshani Parisar, Opp. Maruti Nexa Showroom, G.E. Road, Supela, Bhilai, Distt. Durg",False,,,
257,C.G.,Branch Office,Bilaspur,"Branch Office, ESIC, Shiv Chowk, Vidya Nagar, Bilaspur, CG",False,,,
258,C.G.,Branch Office,Raigarh,"Branch Office, ESIC, Near Kelo Bridge, Chakradhar Nagar Road, Raigarh, CG",False,,,
259,C.G.,Branch Office,Korba,"Branch Office, ESIC, 1st Floor Vikas Bhawan, Old Bus Stand Korba, CG",False,,,
260,C.G.,Branch Office,Rajnandgaon,"Branch Office, ESIC, D8, Vardhman Nagar, G.E Road, Opp. Utsav Hotel, Rajnandgaon (CG)",False,,,
268,Delhi,Hospital,Delhi,"BASAIDARAPUR, Ring Road, New Delhi-110015",True,basaidarapurhospital.esic.gov.in,"ESIC Hospital, Basaidarapur | Employee's State Insurance Corporation ...",https://basaidarapurhospital.esic.gov.in/
269,Delhi,Hospital,Delhi,"JHIIMIL, Medical Superintendent, ESI Hospital, Jhilmil, Delhi-110095",False,,,
270,Delhi,Hospital,Delhi,"OKHLA, Medical Superintendent, ESI Hospital, Phase-II Okhla - 110020",False,,,
271,Delhi,Hospital,Delhi,"ROHINI, Medical Suptd., ESI Hospital Rohini, Sec-15, New Delhi",False,,,
273,Delhi,Dispensary,Azadpur,C-2/35 MODEL TOWN III AZADPUR,False,,,
274,Delhi,Dispensary,Delhi,"NEAR MASJID, INDERLOK",False,,,
275,Delhi,Dispensary,Delhi,JANG PURA EXT. OPP RLY CROSSING (NEAR EROS CINEMA),False,,,
276,Delhi,Dispensary,Delhi,D-13 TO D-20 DDA TENAMENTS JAHANGIR PURI,False,,,
277,Delhi,Dispensary,Delhi,RESETTLEMENT COLONY PHASE-IV JWALAPURI,False,,,
278,Delhi,Dispensary,Delhi,G-BLOCK OPP CGHS DISPENSARY KALKAJI,False,,,
279,Delhi,Dispensary,Delhi,I BLOCK KARAMPURA,False,,,
280,Delhi,Dispensary,Delhi,4010/6/7 Near Vikas Hospital Ward 3 Mehrauli,False,,,
281,Delhi,Dispensary,Mangolpuri,BLOCK Q MANGOLPURI,False,,,
282,Delhi,Dispensary,Delhi,"VILLAGE 183A, 183B, 184A, 184B Mayur Vihar",False,,,
283,Delhi,Dispensary,Delhi,22 FACILITY AREA NEAR P & T BANK MAYAPURI-2,False,,,
284,Delhi,Dispensary,Mayapuri,B-409 MAYAPURI IND. AREA near police station and petrol,False,,,
285,Delhi,Dispensary,Delhi,OPP MORI GATE NEAR TIS HAZARI,False,,,
286,Delhi,Dispensary,Delhi,N.I.A. NEAR MOTI NAGAR POLICE STATION,False,,,
287,Delhi,Dispensary,Najafgarh,THANA ROAD NAJAFGARH,False,,,
288,Delhi,Dispensary,Delhi,"ESI Disp Nandnagri, Adj to DTC Depot nd ITI, New Delhi",False,,,
289,Delhi,Dispensary,Delhi,U 108 VIJAY NAGAR NARELA,False,,,
290,Delhi,Dispensary,Delhi,C-58 OKHLA IND AREA MODI MILL,False,,,
291,Delhi,Dispensary,Delhi,DSIDC SHEDS OKHLA IND AREA,False,,,
292,Delhi,Dispensary,Delhi,"GURDWARA STREET CHUNAMANDI, PAHAR GANJ",False,,,
293,Delhi,Dispensary,Delhi,"RZ-316/F-1 NEAR MAIN DWARKA CHOWK,MAHAVIR ENCLAVE, PALAM/PANKHA RD",False,,,
294,Delhi,Dispensary,Delhi,POCKET-3 PASCHIMPURI MADIPUR,False,,,
295,Delhi,Dispensary,Delhi,"NEAR HOLI CHILD SCHOOL, RAGHUBIR NAGAR",False,,,
296,Delhi,Dispensary,Delhi,"POCKET D-6 SDC-V, ROHINI SEC-V",False,,,
297,Delhi,Dispensary,Delhi,"BEHIND BIRLA COTTON & GEN. MILL Sabzi Mandi, Nangia Park, New Delhi",False,,,
298,Delhi,Dispensary,Delhi,"OPP SAROJANI NAGAR DEPOT, Sarojini Nagar",False,,,
299,Delhi,Dispensary,Delhi,PHASE-IV WELCOME COLONY SEELAMPUR,False,,,
300,Delhi,Dispensary,Delhi,AMBEDKER NAGAR BEHIND SBI TIGRI,False,,,
301,Delhi,Dispensary,Delhi,"NDMC WORKS DEPTT, OPP POLICE STATION TILAK VIHAR",False,,,
302,Delhi,Dispensary,Delhi,SHASTRI NAGAR NEAR VIVEKANAND PURI,False,,,
303,Delhi,Dispensary,Delhi,"HN-181, 184, 186-191 JAHANGIR COLONY BK NAGAR",False,,,
304,Delhi,Dispensary,Delhi,WAZIRPUR IND. AREA,False,,,
305,Delhi,Branch Office,Delhi,"AG-20, Shalimar Bagh Ring Road (Ashok Vihar local office) Delhi-88",False,,,
306,Delhi,Branch Office,Delhi,"BADLI (ROHINI) Manager, Branch Office ESI Corporation D-11, Sector-7, Rohini, NEW DELHI-85 (New Address: ESIC Branch Office, ESIC Disp Premises, Sec-5, Rohini, Delhi-85)",False,,,
307,Delhi,Branch Office,Delhi,"ASHRAM Manager, Branch Office ESI Corporation Behind Nikko Hotel, Bhogal, NEW DELHI-89",False,,,
308,Delhi,Branch Office,Delhi,"Plot No. 20, ESI Dispensary Complex, Opposite shruti apartment, dwarka sec-7",False,,,
309,Delhi,Branch Office,Delhi,"KALKAJI Manager, Branch Office ESI Corporation ESI Dispensary complex, Kalkaji Near Desh Bandhu College, NEW DELHI-19",False,,,
310,Delhi,Branch Office,Karampura,"ESI Dispensary Complex Property No 14, 1st Floor (near Milan cinema) local shopping centre, Karampura, New Delhi-27",False,,,
311,Delhi,Branch Office,Delhi,"KISHAN GANJ Manager, Branch Office ESI Corporation Near Gulabi Bagh Traffic Intersection Vivekanand Puri, NEW DELHI-7",False,,,
312,Delhi,Branch Office,Delhi,"MAYAPURI Manager, Branch Office ESI Corporation DDA Shopping Centre III 1st Floor Phase-I, Mayapuri, NEW DELHI-64",False,,,
313,Delhi,Branch Office,Delhi,Branch Office ESI Corporation Opposite Mori Gate Bus Terminal,False,,,
314,Delhi,Branch Office,Delhi,"Branch Manager, ESI Corporation, Type-II, Staff Quarter, ESI Dispensary, Nandnagri, New Delhi-94 (New Address: ESI Disp Complex, Room No. 14, 16 & 17, Nand Nagri, New Delhi)",False,,,
315,Delhi,Branch Office,Delhi,"NANGLOI Manager, Branch Office ESI Corporation Qtr No. 1, 2, ESI Dispensary Complex, Jwalapuri, Nangloi DELHI-41 (New Address: A-5, Naresh Park Ext., Plot no. 54, Kh-No. 24, Nangloi, New Delhi-41)",False,,,
316,Delhi,Branch Office,Okhla,"D-14/1 ground floor, Okhla Industrial Area, Phase-I, New Delhi-110020",False,,,
317,Delhi,Branch Office,Delhi,"SUBZI MANDI Manager, Branch Office ESI Corporation Behind Birla Mill, Roshanara Road, K-Scheme, Shakti Nagar, Near Nagia Park, Sabzi Mandi, DELHI-7",False,,,
318,Delhi,Branch Office,Delhi,"Shop no. 208-209, Second Floor, MSP Mall, FC-1, K-Block, DSIDC, Narela Industrial Park, Delhi-110040",False,,,
321,Goa,Hospital,Margao,"Near Dr. Rajendra Prasad Stadium, Margao Goa",False,,,
322,Goa,Dispensary,Mapusa,"G.I.D.C Building, First Floor, Industrial Estate, Dulerward, Mapusa, Goa",False,,,
323,Goa,Dispensary,Goa,"First Floor, ESIC Corporation, Plot No 23, Panchdeep Bhawan, Patto Panaji, Goa",False,,,
324,Goa,Dispensary,Ponda,"Jerry Apartments, Ground Floor, Opposite Corporation Bank, Shantinagar, Ponda, Goa",False,,,
325,Goa,Dispensary,Vasco,"First Floor, Dr. Deller Forum Building, Near St. Andrew Church, Vasco-da-Gama, Goa",False,,,
326,Goa,Dispensary,Bicholim,"No. 112, Industrial Estate, Bicholim, Goa.",False,,,
327,Goa,Dispensary,Ilhas,"Plot No 1, Corlim Industrial Estate, Corlim, Ilhas, Goa.",False,,,
328,Goa,Dispensary,Curchorem,"Vockey Building, Near Railway Station, Curchorem, Goa.",False,,,
329,Goa,Dispensary,Goa,"Sunder Complex, Ground Floor, Honda Market, Sattari, Goa.",False,,,
330,Goa,Dispensary,Goa,"IDC, First Floor, Industrial Estate, Kundaim Goa",True,rogoa.esic.gov.in,Dispensary Cum Branch Office | Employee's State Insurance Corporation ...,https://rogoa.esic.gov.in/dispensaries/rosro_index
331,Goa,Dispensary,Goa,"Plot no. 63, ""SURAJ"" building, Kesarval, Verna, Mormugao, Goa.",False,,,
332,Goa,Dispensary,Sancoale,"Plot No 27, Industrial Estate, Sancoale, Goa",False,,,
333,Goa,Dispensary,Margao,"Near Dr. Rajendra Prasad Stadium, ESI Hospital complex, Margao Goa.",False,,,
334,Goa,Dispensary,Pernem,"ESI Dispensary, Administrative Building, Ground Floor, Goa Industrial Development Corporation, Tuem Industrial Estate, Tuem, Pernem, Goa",False,,,
335,Goa,Branch Office,Panaji,"Ground Floor, ESI Corporation, Plot No. 23, Panchdeep Bhavan, Patto Panaji, Goa.",False,,,
336,Goa,Branch Office,Mapusa,"Opposite Sai Service, Mapusa Industrial Estate, Mapusa, Goa",False,,,
337,Goa,Branch Office,Margao,"Near Dr. Rajendra Prasad Stadium, ESI Hospital complex Margao, Goa.",False,,,
338,Goa,Branch Office,Ponda,"Jerry Apartments, Ground Floor, Opposite Corporation Bank, Shantinagar, Ponda, Goa",False,,,
339,Goa,Branch Office,Vasco,"Opposite Government High School, Baina, Vasco, Goa",False,,,
352,Gujarat,Hospital,Vapi,ESIC Hospital Selvas Road Chanod Vapi-396195,False,,,
353,Gujarat,Hospital,Ahmedabad,"ESIC Model Hospital, Hardhasnagar Bapunagar, Ahmedabad 380024",False,,,
354,Gujarat,Hospital,Ahmedabad,"ESIC General Hospital Naroda, Near Naroda Railway Crossing, Naroda, PO: Kuberanagar, Ahmedabad-382340",False,,,
355,Gujarat,Hospital,Baroda,"Hospital, GOTRI ROAD, VADODARA-390021",False,,,
356,Gujarat,Hospital,Ahmedabad,"Rajpur Hirpur General Hospital, Near Sukhiramnagar water tank, Gomtipur, Ahmedabad-380021",False,,,
357,Gujarat,Hospital,Kalol,Shivanand Arcade opp kashiram Hall near Silver Platen Hotel Kalol-Zorashna road kalol Dist- Gandhinagar Pincode-382721,False,,,
358,Gujarat,Hospital,Rajkot,Dudh sagar road opp II Steel Rajkot,False,,,
359,Gujarat,Hospital,Bhavnagar,Near Jaconi Door Mill Vithal Vadi Bhavnagar,False,,,
360,Gujarat,Hospital,Jamnagar,Ranjit nagar Colony nr post office Jamnagar,False,,,
361,Gujarat,Hospital,Surat,"ESIC GENERAL HOSPITAL CIVIL CHAR RASTA, RING ROAD, SURAT.",False,,,
362,Gujarat,Hospital,Ankleshwar,"ESIC Ankleshwar Hospital, Nr 500 Quarters, GIDC Ankleshwar, Dist: Bharuch, Gujrat-393002",False,,,
363,Gujarat,Dispensary,Ahmedabad,"D-1 Acher Sabarmati, Ahmedabad",False,,,
364,Gujarat,Dispensary,Ahmedabad,"D2 Vedaj CSIS Dispensary Near Khati Gramodyog, Red Cross Campus Vedaj Circle Vedaj Ahmedabad-380013",False,,,
365,Gujarat,Dispensary,Ahmedabad,Gujarat,False,,,
366,Gujarat,Dispensary,Ahmedabad,"D-4, Nr. Bombay Garage, Nr. Shantibagh Under Bridge, Shahibag, Ahmedabad",False,,,
367,Gujarat,Dispensary,Ahmedabad,"D-6, D/H Mua. School, Girdharnagar, Ahmedabad",False,,,
368,Gujarat,Dispensary,Ahmedabad,"D-7/9, E.S.I.S. Galiya Limdi, Near Punjab Petro Pump, Asarwa, Ahmedabad",False,,,
369,Gujarat,Dispensary,Ahmedabad,"D-10, ESIS R/H RAVINAGAR SOCIETY, OLD CHAMANPURA, ASARWA, AHMEDABAD PIN 380016",False,,,
370,Gujarat,Dispensary,Ahmedabad,"D-11, Dispensary, ESIS, Rohipinagar Housing beam Colony, Kabaikagar Last But Stop, Asarwa, Ahmedabad-380016",True,rogujarat.esic.gov.in,Dispensary Cum Branch Office | Employee's State Insurance ... - ESIC,https://rogujarat.esic.gov.in/dispensaries/rosro_index
371,Gujarat,Dispensary,Ahmedabad,"D-12, New Mental Hosp., Meaghaninagar, Ahmedabad",False,,,
372,Gujarat,Dispensary,Ahmedabad,"D-13/14, opp. Ashok Mills, Near govt. C colony, Naroda road, Ahmedabad-380025",False,,,
373,Gujarat,Dispensary,Ahmedabad,"D-15, E.S.I.S. Naroda Road Ahmedabad",False,,,
374,Gujarat,Dispensary,Ahmedabad,"D-16, Nr. Anil Starch, Nikol Road, Ahmedabad",False,,,
375,Gujarat,Dispensary,Ahmedabad,"D-17, Nr. Mandhir Manju, Saraspur, Ahmedabad",False,,,
376,Gujarat,Dispensary,Ahmedabad,"d-18, near marim, Dhar soc, Saraspur, Ahmedabad-18",False,,,
377,Gujarat,Dispensary,Ahmedabad,"D 19,ESIS, NR. NAVLAKHA KUNJ! DW,AJAD CHAWK, BAPUNAGAR, AHMEDABAD",False,,,
378,Gujarat,Dispensary,Ahmedabad,"D-20, Monogram Mill Disp., Bapunagar, Ahmedabad",False,,,
379,Gujarat,Dispensary,Ahmedabad,D 21 ESIS. INDUSTRIAL ESTATE BAPUNAGAR,False,,,
380,Gujarat,Dispensary,Ahmedabad,"D-22 Saraspur, Near Ambedkar Hall, saraspur, ahmedabad",False,,,
381,Gujarat,Dispensary,Ahmedabad,"D 23/24, Nr.charbaja Kabrastan, Gomtipur, Ahmedabad.",False,,,
382,Gujarat,Dispensary,Ahmedabad,"D 25, ESIS dispensary, near hathi bhai garden, Gomtipur, Ahmedabad",False,,,
383,Gujarat,Dispensary,Ahmedabad,"D-26,Mun. Agur. Dispensary, Rakhial, Ahmedabad",False,,,
384,Gujarat,Dispensary,Ahmedabad,"D-27/29 ESIS NR.GOVERNMENT G COLONY, SUKHIRAMNAGAR, Ahmedabad",False,,,
385,Gujarat,Dispensary,Ahmedabad,"D-29 ESIS Disp. Near Usha Talkies, Gomtipur Ahmedabad",False,,,
386,Gujarat,Dispensary,Ahmedabad,"D 30, ESIS, sukhramnagar, Near Zurta minara, ahmedabad, -380001",False,,,
387,Gujarat,Dispensary,Ahmedabad,"D 31, Rajpur Gomtipur, A'bad",False,,,
388,Gujarat,Dispensary,Ahmedabad,"D-32 ESIS Dispensary Opp. Torrent Power, Amraiwadi Ahmedabad-380026",False,,,
389,Gujarat,Dispensary,Ahmedabad,D-33 DISPENSARY ESIS NEAR MARDASI TEMPLE KHOKHARA AHMEDABAD-382008,False,,,
390,Gujarat,Dispensary,Ahmedabad,D-34 DISPENSARY ESIS NEAR MARDASI TEMPLE KHOKHARA AHMEDABAD-382008,False,,,
391,Gujarat,Dispensary,Ahmedabad,D35 ESIS Near Shreeji Dairy Maniyasa Maninagar east Ahmedabad-380008,False,,,
392,Gujarat,Dispensary,Ahmedabad,"D-36 ESIS DISP. OPP. RAMJI LAL HALL JAWAHAR CHOWK, MANINAGAR AHMEDABAD",False,,,
393,Gujarat,Dispensary,Ahmedabad,"D37-40, ESIS, KANKARIYA, NR GORDHAN WADI TEKRA, OPP MOLD PILOT DAIRY, AHMEDAB",False,,,
394,Gujarat,Dispensary,Ahmedabad,"Dispensary No. D 40, ESIS, Near Ankur Mill, Kamodlavos, outside Raipur Darwaja, Ahmedabad-380002",False,,,
395,Gujarat,Dispensary,Ahmedabad,"D-39,ESIS, NEAR ST BUS STAND, RAIPUR, AHMEDABAD-380022",False,,,
396,Gujarat,Dispensary,Ahmedabad,"D 42 ESIS BEHIND NARSINH BHARAT CHHATALAYA, PALDI GAM,SUKHLI, AHMEDABAD-380007",False,,,
397,Gujarat,Dispensary,Ahmedabad,"D 43 ESIS 23 NAVBHART SOCIETY, BH FXY CHK-VIA, NARODA, Ahmedabad-382330",True,esic.gov.in,ESIC Dispensaries | Employees' State Insurance Corporation,https://www.esic.gov.in/dispensaries/index/page:45
398,Gujarat,Dispensary,Ahmedabad,"D 44 Chhotalal chawni, Vishnyrejak, ckhav, Ahmedabad",False,,,
399,Gujarat,Dispensary,Ahmedabad,D45 ESIS Dispensary sartin house satyam nagar amraiwadi opp.vivekanand school ahmedabad,False,,,
400,Gujarat,Dispensary,Ahmedabad,"D-47,E.S.I.S., near vinzol crossing, G.I.D.C., Vatva,Ahmedabad",False,,,
401,Gujarat,Dispensary,Ahmedabad,"D-48,Dr.Saiyed House, Golden Talkies, Vatva, A'bad",False,,,
402,Gujarat,Dispensary,Ahmedabad,"DISP-49,NARODA,A'BAD,IN ESIC GENERAL HOSPITAL COMPOUND, NEAR RAILWAY CROSSING, NARODA,A'DAD",False,,,
403,Gujarat,Dispensary,Bhavnagar,"D-1, esi dispensary, Gangajaliyo talav, Vijay automobile building, Bhavnagar",False,,,
404,Gujarat,Dispensary,Bhavnagar,"D-2, ESIS near motitalav Petrol pump, Bhavnagar",False,,,
405,Gujarat,Dispensary,Bhavnagar,esis disp-3 near duak chouk anandnagar bhavnagar,False,,,
406,Gujarat,Dispensary,Bhavnagar,"D-4, Nr. Rudhadia Hanuman, Bhavnagar",False,,,
407,Gujarat,Dispensary,Kalol,Vankar samaj sudharak mandal opp Nirma factory Nr Ankit Hoto Highway Chhatral Pincode: 382729,False,,,
408,Gujarat,Dispensary,Dhrangadhra,"ESIS., D-1, Dhangadhra, OPP. ARYA SAMAJ TEMPLE, Dhangadhra-363310",False,,,
409,Gujarat,Dispensary,Junagadh,"DR.CHANGELA HOSPITAL, FIRST FLOOR, DHRUV CHAMBER, BUS STATION ROAD,JUNAGADH-362001",False,,,
410,Gujarat,Dispensary,Kadi,"D K Super market Opp Bahuchar mata mandir Detroij road Kadi Taluka-Kadi, Distric- mehsana pincode-382715.",False,,,
411,Gujarat,Dispensary,Kalol,"D-1/3,Kalol, Near Mahendra Mill, Kalol(NG) Pin-382721",False,,,
412,Gujarat,Dispensary,Kalol,"ESIS, Dispensary-2, Block-15 & 16, Mathurnagar society, arsodiya road, Kalol-railway east, Taluka-Kalol, Distric-gadhinagar",False,,,
413,Gujarat,Dispensary,Mehsana,"D-1,ESIS MEHSANA 2ND FLOOR SILVER COMPLEX NR SHILPA GARAGE HIGHWAY MEHSANA-384002",False,,,
414,Gujarat,Dispensary,Morbi,"D1/2 esis morbi, Krishna shopping center, nr housing board, Sama kanthar, Morbi-363642",False,,,
415,Gujarat,Dispensary,Rajkot,"ESIS D1, KOTHARIA COLONY, NEAR SHETH HIGH SCHOOL, RAJKOT",False,,,
416,Gujarat,Dispensary,Rajkot,"ESIS D-2, 8 Manhar Plot, Godown Road, Rajkot - 360002",False,,,
417,Gujarat,Dispensary,Rajkot,"ESIS D3/4, NEAR RAJKOT MILK DAIRY, m0/H ESIS GEN. HOSPITAL, RAJKOT",False,,,
418,Gujarat,Dispensary,Surendranagar,"NEAR RAILWAY UNDERBRIDGE, NEAR OLD POWER HOUSE, SURENDRANAGAR-363001",False,,,
419,Gujarat,Dispensary,Surendranagar,"RBLE-16-53, GIDC Quarters, On Hyundai Showroom, Wadhwan-363030. Dist Surendranagar",False,,,
420,Gujarat,Dispensary,Jamnagar,"ESIS D1/2, Hirji Mistri road, Udyognagar Jamnagar 361004",False,,,
421,Gujarat,Dispensary,Jamnagar,"Vohadev her 7 Patel Colony, road no 4/5 Jamnagar",False,,,
422,Gujarat,Dispensary,Gandhinagar,"D-1, ESIS., SECTOR-17,187/1, GH TYPE, GANDHINAGAR-382017",False,,,
423,Gujarat,Dispensary,Gujarat,"D 1, ESIC DIS, KAI COMPLEX, CHANGODAR, AHMEDABAD",False,,,
424,Gujarat,Dispensary,Gujarat,"Waghodia, Guj(ESIS-Dispensary) C/o Parul Hospital, AT & Post Limda, Ta-Waghodia, Dist.-Vadodara, Baroda, Gujarat 391760",True,nta.esic.gov.in,ESIC Dispensaries | Employees' State Insurance Corporation,https://nta.esic.gov.in/dispensaries
425,Gujarat,Dispensary,Gujarat,"Hazira Dispensary, Shri Ramanbhai G. Patel's House, Village-Mora Tekra, Hazira,",False,,,
426,Gujarat,Dispensary,Ankleshwar,"D-1,Dispensary, ESIS general hospital building, ground floor, old colony, gidc, valia road Ankleshwar",False,,,
427,Gujarat,Dispensary,Ankleshwar,"ESIS-D2-Ankleshwar, Aaspasrav Guest House, Nr. Dena Bank, Old N.H-8, GIDC Ankleshwar-393002",False,,,
428,Gujarat,Dispensary,Bharuch,"BHARUCH DISPENSARY-1, SHIVASHRAM COUMPOIND,PANCHBATTI, BHARUCH-392001",False,,,
429,Gujarat,Dispensary,Baroda,"D-1, Dispensary, Urmi Society, Productivity Road, Nr.Khandelwal show room, Alkapuri Baroda-390007",False,,,
430,Gujarat,Dispensary,Baroda,"D-2, Near Gorwa Gam, Baroda-390016",False,,,
431,Gujarat,Dispensary,Baroda,"D-3/12,Near City Bus Stand, Navra Yard, Baroda-390002",False,,,
432,Gujarat,Dispensary,Baroda,"D-4/5/14, Foosler Bakery, Fatehpura Char Rasta, Panigate, Baroda-390006",False,,,
433,Gujarat,Dispensary,Baroda,"D-6/15 Nyaymandir, Baroda, Dandia Bazar, 390001",False,,,
434,Gujarat,Dispensary,Baroda,"D-7/8/9/13,Near Yamuna Mill, Dabhoi Road, Baroda-390004",False,,,
435,Gujarat,Dispensary,Baroda,"D-10/11, D/9, Block 81-83 GIDC Manjalpur, Baroda-390011",False,,,
436,Gujarat,Dispensary,Baroda,"D-16, 20/105, Makarpura Gam, Makarpura, Baroda-390014",False,,,
437,Gujarat,Dispensary,Baroda,"D-17, B/H- Swaminarayan Mandir, Atladara, Baroda-390012",False,,,
438,Gujarat,Dispensary,Baroda,"D-18, C.D. Hosp. Building, Gotri Road, Baroda-390021",False,,,
439,Gujarat,Dispensary,Nadiad,D1-Nadiad ESIS AT Swastik Soc B H Railway station Surya Appartment opp Yamuna Colony Nadiad-387001,False,,,
440,Gujarat,Dispensary,Baroda,"D-1, Nandesari, E.S.I.Scheme, Nandesari, Baroda - 391340",False,,,
441,Gujarat,Dispensary,Navsari,"D-1, Jamaneej shopping centre, 1st floor, Nr.Ashapuri mandir, Dudhiya talav road, Navsari-396445",False,,,
442,Gujarat,Dispensary,Kalol,"D-1, Kalol, Near Panchmahal Steel, GIDC Kalol PIN: 389330",False,,,
443,Gujarat,Dispensary,Surat,"ESIS D1 DISPENSARY, OPP. GOPAL CHAMBERS, MAINWADI, SALABATPURA,SURAT",False,,,
444,Gujarat,Dispensary,Surat,"ESIS D2/5 DISPENSARY, B/H: Salabatpura police Chowky, Surat",False,,,
445,Gujarat,Dispensary,Surat,"ESIS D6 DISPENSARY, OPP. GOPAL CHAMBERS, NEAR RATAN TALKIES, MAIN WADI, SALABATPURA, SURAT",False,,,
446,Gujarat,Dispensary,Surat,"ESIS D7 DISPENSARY, LAL DARWAJA,RING ROAD, SURAT",False,,,
447,Gujarat,Dispensary,Surat,"ESIS D8/9/12 DISPENSARY, OPP. RESHAM BHAVAN, LAL DARWAJA, SURAT",False,,,
448,Gujarat,Dispensary,Surat,"ESIS DISPENSARY-10, OPP. RADHIKA MILL, PANDESARA, SURAT",False,,,
449,Gujarat,Dispensary,Surat,"C/o Pravinbhai H Desai, House no. 339-341, 1st Floor, New Faliya, Surat main road, Sachin, Ta-Choryasi, Sachin-394230",False,,,
450,Gujarat,Dispensary,Surat,SARGAM COMPLEX 1ST FLORE A WING OPP SANJIVNI HOSPITAL KADODARA,False,,,
451,Gujarat,Dispensary,Vapi,"D-1,near koparli mining circle, above vishal mega mart, 3rd floor, GIDC, Vapi",True,vapihospital.esic.gov.in,ESIC Dispensaries | Employees' State Insurance Corporation,https://vapihospital.esic.gov.in/dispensaries
452,Gujarat,Dispensary,Vapi,"D2-Vapi, ESIC Campus Selvas Road Chanod Road Vapi",False,,,
453,Gujarat,Dispensary,Halol,"D-1, Halol, Yuvraj hotel complex, B/S P.M ROUND",False,,,
454,Gujarat,Dispensary,Porbandar,"D-1, 1st Floor, Old Nursing School, RR Hospital Campus, T.B.Centre, Porbandar",False,,,
455,Gujarat,Branch Office,Ahmedabad,"Primary School, Girdharnagar, Asarwa, Ahmedabad-380004",False,,,
456,Gujarat,Branch Office,Ahmedabad,"Nr Swaminarayan Society, Opp Ind. Estate, Bapunagar, Ahmedabad 380024",False,,,
457,Gujarat,Branch Office,Ahmedabad,"Nr Paldi Gordon, Fladi, Ahmedabad 380007",False,,,
458,Gujarat,Branch Office,Ahmedabad,"O/S Dariaupur Gate, Dariapur, Ahmedabad 380001",False,,,
459,Gujarat,Branch Office,Ahmedabad,"Kalidas Mill Compound, Nr Gomtipur Police Station, Gomtipur, Ahmedabad 380021",False,,,
460,Gujarat,Branch Office,Ahmedabad,"Nr Akran Estate Akbar Hotel, Naroda Narol Highway, Isanpur, Ahmedabad-382443",False,,,
461,Gujarat,Branch Office,Ahmedabad,"Nr Nilkanth Mahadev, Olio Pilot Dairy Kanakaria, Ahmedabad 380001",False,,,
462,Gujarat,Branch Office,Ahmedabad,"Khokhra, Ahmedabad 380026",False,,,
463,Gujarat,Branch Office,Ahmedabad,"Nr. Asarwa Rly Station, Opp. Arvind Mills, Naroda Road, Ahmedabad-382330",False,,,
464,Gujarat,Branch Office,Ahmedabad,"D/11, G.I.D.C. Quarter, Phase-1, Opp Shreenath Packaging, Naroda, Ahmedabad",False,,,
465,Gujarat,Branch Office,Ahmedabad,"Nr Odhav Police Station, Odhav, Ahmedabad-382415",False,,,
466,Gujarat,Branch Office,Vatwa,"Nr Vinzol Railway Crossing, Vatva, Ahmedabad-382445",False,,,
467,Gujarat,Branch Office,Bhavnagar,"Chavdi Gate, Opp Police Station, Bhavnagar-364001",False,,,
468,Gujarat,Branch Office,Gandhinagar,"67/8, CH-type, 2nd floor, Old M.L.A Quarter, Sector-17, Gandhinagar-382017",False,,,
469,Gujarat,Branch Office,Jamnagar,"Ranjitnagar, B/H Police Station, Jamnagar-361001",False,,,
470,Gujarat,Branch Office,Mehsana,"SHOP NO.1,2 N 45 R, ASHWAMEGH ARCADE, OPP. GEB, KADI, DIST.MEHSANA",False,,,
471,Gujarat,Branch Office,Kalol,"Navjivan Shopping Centre, Opp. HDFC Bank, Sindhwai Market, Kalol(N.G.), Kalol - 382721",False,,,
472,Gujarat,Branch Office,Mehsana,"1st Floor, Opp. Old Telephone Exchange, Modiganj, Mahesana, 384001",False,,,
473,Gujarat,Branch Office,Morbi,"3 Mahendrapara, Main Road, Morbi-363641",False,,,
474,Gujarat,Branch Office,Rajkot,"Kotharia Colony, Rajkot 360002",False,,,
475,Gujarat,Branch Office,Surendranagar,"Nr. Shiv Hotel, Bus Station Road, Surendranagar-363001",False,,,
476,Gujarat,Branch Office,Rajkot,"Ginpere, Wankaner - 363621",False,,,
477,Gujarat,Branch Office,Ankleshwar,"Branch Office, E.S.I. Corporation,located in ESIC Model Hospital, Near 500 qtrs, GIDC, Ankleshwar,",False,,,
478,Gujarat,Branch Office,Bharuch,"Branch Office Bharuch, ESI Corporation, B.57, Sakthethi Nagar, Nr. DNGC Dispensary,",True,in.worldorgs.com,Esic Branch Office Bharuch in the city Bharuch,https://in.worldorgs.com/catalog/bharuch/city-government-office/esic-branch-office-bharuch
479,Gujarat,Branch Office,Baroda,"B/h Kidney Hospital, Branch Manager, Branch Office Gorwa, ESI Corporation, D-2 Dispensary Building, Gorwa, Vadodara-16",False,,,
480,Gujarat,Branch Office,Halol,"Branch Office Halol, ESI Corporation, Near Hotel Yuvraj, Halol, Dist: Panchmahal",False,,,
481,Gujarat,Branch Office,Kalol,"Branch Office Kalol (P.M.), ESI Corporation, Vrundavan Park Society, Opp. Taluka Panchayat Kalol-389330 Dist. Panchmahal",False,,,
482,Gujarat,Branch Office,Baroda,"Branch Office Makarpura, ESI Corporation, Nr. Vivekanand School, GIDC, Manjalpur, Vadodara.",False,,,
483,Gujarat,Branch Office,Nadiad,"Branch Office Nadiad, ESI Corporation, Ashok Nagar Society, Dahyabhai Vakil's Bunglow, Near zilla panchayat, Nadiad-1",False,,,
484,Gujarat,Branch Office,Baroda,"Branch Office Panigate, ESI Corporation, Dispensary-5, Varasihiya, Nr. Popular Bredi factory Vadodara-6",False,,,
485,Gujarat,Branch Office,Surat,"Branch Office Salabatpura, ESI Corporation, Mainwadi, Salabatpura, Near Ratan Talkies, Surat.",False,,,
486,Gujarat,Branch Office,Surat,"Branch Office Lal Darwaja, ESI Corporation, Opp. Reshma Bhavan, Near Madipori Godown, Lal Darwaja, Surat",False,,,
487,Gujarat,Branch Office,Navsari,"1st Floor Satsang Appartment, Near Thech College, Chhapra Road, Navsari",False,,,
488,Gujarat,Branch Office,Vapi,"Branch Office Vapi, ESI Corporation, ESIS General Hospital Campus, 1st Floor, Vapi Silvassa Road, Vapi",False,,,
493,Haryana,Hospital,Bhiwani,Med. Supdt ESI Hospital Jail Road BHIWANI,False,,,
494,Haryana,Hospital,Faridabad,"New Building, ESIC Medical College and Hospital, NH-3, NIT Faridabad, 121001.",False,,,
495,Haryana,Hospital,Manesar,"ESIC Hospital, Plot No 41, Sector 3, IMT Manesar",False,,,
496,Haryana,Hospital,Gurgaon,ESIC Hospital Sec-9 Gurgaon,False,,,
497,Haryana,Hospital,Jagadhri,"Med. Supdt, ESI Hospital ESIC Building JAGADHARI",False,,,
498,Haryana,Hospital,Panipat,"Ground Floor, ESI Hospital, GT Road Near Bus Stand, Panipat, Haryana",False,,,
499,Haryana,Hospital,Faridabad,Med. Supdt ESI Hospital Sector -8 ESIC Building FARIDABAD,False,,,
500,Haryana,Dispensary,Ambala,"ESI Dispensary, Ambala Cantt, Private building, 131, Ajit Nagar, Mahesh Nagar Ambala Cantt",False,,,
501,Haryana,Dispensary,Ambala,"ESI Dispensary, Dhulkot, Old Nursing Hostel, Palka Vihar, Ambala City",False,,,
502,Haryana,Dispensary,Gurgaon,"ESI Dispensary, No. 2 Plot No. 380-81, Phase 2, Udyog Vihar, Gurgaon",False,,,
503,Haryana,Dispensary,Gurgaon,"ESI Dispensary, No. 1 Near Sharma Restaurant, Gurgaon",False,,,
504,Haryana,Dispensary,Gurgaon,"ESI Dispensary, No. 3 Near Sharma Restaurant, Gurgaon",False,,,
505,Haryana,Dispensary,Jagadhri,"ESI Dispensary, No. 1 & 2, In the part of Civil Hospital, Jagadhari",False,,,
506,Haryana,Dispensary,Jagadhri,"ESI Dispensary, No. 3 & 4, In the part of Civil Hospital, Jagadhari",False,,,
507,Haryana,Dispensary,Yamuna Nagar,"ESI Dispensary, No. 7, Jagadhari Private Building, 66-1319, Modern Colony, Near ITI Park",False,,,
508,Haryana,Dispensary,Panipat,Village Nangal Kheri Sector 29 Near Union Bank Panipat,False,,,
509,Haryana,Dispensary,Bawal,"Opp. Maharaja Place Hotel, near girls Sr Secondary School, Circular Road, Rewari-123401",True,nta.esic.gov.in,ESIC Dispensaries | Employees' State Insurance Corporation,https://nta.esic.gov.in/dispensaries
510,Haryana,Dispensary,Karnal,"Opposite dist court, back side of ashoka cinema, Karnal",False,,,
511,Haryana,Dispensary,Rohtak,"Dispensary Panchdeep Bhawan, Rohtak",False,,,
512,Haryana,Dispensary,Sonipat,"ESI Dispensary, Near Veterinary Hospital, Murthal Sonipat",False,,,
513,Haryana,Dispensary,Panipat,"ESI Dispensary, No. 2, Panipat, H40/41, Industrial Area, Model Town, panipat",False,,,
514,Haryana,Dispensary,Bhiwani,"Dispensary No 04, Sector 21, Ind. Area, Bhiwani",False,,,
515,Haryana,Dispensary,Ambala,"old civil hospital building, Ambala City",False,,,
516,Haryana,Dispensary,Hisar,"ESI Dispensary No. 1, DCM Textile road Hisar(Govt. building)",False,,,
517,Haryana,Dispensary,Faridabad,"ESIC DISPENSORY-NO-6,JAWAHAR COLONY, ON 60 FET ROAD, FARIDABAAD, -121005",False,,,
518,Haryana,Dispensary,Sohna,"ESI dispensary Nuh Road Near Nirankari college, Sohna.",False,,,
519,Haryana,Dispensary,Faridabad,"ESI Dispensary, No. 4, NH-1, Hbd NH-1",False,,,
520,Haryana,Dispensary,Panchkula,"ESIC Dispensary, sec-20, near railway fatak, Panchkula",False,,,
521,Haryana,Dispensary,Bhiwani,"S.M.O I/c ESI Disp No.7, Bhiwani, Mela Ground, Near railway station",False,,,
522,Haryana,Dispensary,Faridabad,"ESI Dispensary, No. 1, Sec-8,Fbd, M.O i/c ESI Dispensary, No. 1 Sec 27 D, Fbd",False,,,
523,Haryana,Dispensary,Hisar,858 railway road near malik hospital hisar,False,,,
524,Haryana,Dispensary,Jind,"H. NO 1634, Urban Estate, Jind",False,,,
525,Haryana,Dispensary,Rewari,"Old BDPO Office Khol, Near Girls Sr Secondary School, Opposite Maharaja Place, Naiwali Choke, Rewari",False,,,
526,Haryana,Dispensary,Faridabad,"ESI Dispensary, No. 3, NH-3, Hbd NEAR MACHLI MARKET, NH-3",False,,,
527,Haryana,Dispensary,Bhiwani,"S.M.O I/c ESI Disp No.7, Bhiwani, Mela Ground, Near railway station",False,,,
528,Haryana,Dispensary,Faridabad,"ESI Dispensary, No. 2, Fbd, M.O i/c ESI Dispensary, no. 2 Sec 19,Fbd",False,,,
529,Haryana,Dispensary,Faridabad,"ESI Dispensary, No. 7, Sec-8, Fbd, M.O i/c ESI Dispensary, No. 1,Fbd",False,,,
530,Haryana,Dispensary,Pinjore,Near Pinjore Garden,False,,,
531,Haryana,Dispensary,Faridabad,"ESI Dispensary, No. 5, Fbd NH-2",False,,,
532,Haryana,Dispensary,Sonipat,"ESI Dispensary, Kacheha Quarter, Sonipat",False,,,
533,Haryana,Dispensary,Dharuhera,"ESI Disp Opp. Tehsil Kaushik Colony, Dharuhera",False,,,
534,Haryana,Dispensary,Samalkha,"Guru ravi Das School, GT Road, Opp Bus Stand Samalkha",False,,,
535,Haryana,Dispensary,Faridabad,"ESI Dispensary, Palwal, Sec 8, Fbd, M.O i/c ESI Dispensary, Palwal new address evolved(New Address:M.O i/c ESI Dispensary, Panchwati Hospital building, Near Panchwati mandir, Palwal)",False,,,
536,Haryana,Dispensary,Kundli,"ESI Dispensary, Main G.T.Road, Kundali Sonipat",True,esic.gov.in,ESIC Dispensaries | Employees' State Insurance Corporation,https://www.esic.gov.in/dispensaries
537,Haryana,Dispensary,Sonipat,"ESI Dispensary, Main G.T Road, Rai Sonipat",False,,,
538,Haryana,Dispensary,Hisar,"In front of HP Cottex, Delhi Road, Mayar Hisar",False,,,
539,Haryana,Dispensary,Hisar,"ESI Dispensary No. 2, DCM Textile road Hisar(Govt. building)",False,,,
540,Haryana,Dispensary,Bahadurgarh,"ESI Dispensary, Near Police Chwoki, Bahadurgarh Sonipat",False,,,
541,Haryana,Dispensary,Manesar,"ESI Dispensary, Manesar at Kasan Village",False,,,
542,Haryana,Dispensary,Yamuna Nagar,"ESI Dispensary, no. 5, Jagadhari( Private Building) E-25 Paper Mill Building, YNR",False,,,
543,Haryana,Dispensary,Hisar,"90 w Model Town, near Jindal Chowk, Hisar(New Address-ESIC dispensary front of Dainik Jagran Press, Watertak Overhead Industrial area Delhi road",False,,,
544,Haryana,Dispensary,Yamuna Nagar,"ESI Dispensary, no. 6, Jagadhari(Private Building) Near Gurudwara, Old Hamida YNR",False,,,
545,Haryana,Dispensary,Faridabad,"ESI Dispensary, Tigaon, Fbd, M.O i/c ESI Dispensary, Tigaon Fbd",False,,,
546,Haryana,Dispensary,Bahadurgarh,"H. No. 483, Sector 6, Bahadurgarh",False,,,
547,Haryana,Dispensary,Sampla,"Opp. Rly Record, Near Byepass, Sampla(New Address-ESI Dispensary, Opp Police station Sampla, Haryana)",False,,,
548,Haryana,Dispensary,Sirsa,"H. No. 13/1112, Shiva Sweets Street, VIL. Kahirpur, Sirsa",False,,,
549,Haryana,Dispensary,Faridabad,"ESI Dispensary, Sec-22/55, H.No.76,Sec-22, Near Mini Sweet Corner, Fbd.",False,,,
550,Haryana,Dispensary,Ballabhgarh,"ESI Dispensary, Ballabhgarh, H.No. 2748, Sec-2, Haryana",False,,,
551,Haryana,Dispensary,Faridabad,"ESI, Disp., IMT, Faridabad",False,,,
552,Haryana,Dispensary,Sonipat,"ESI, Disp., Barahi, Sonipat",False,,,
553,Haryana,Dispensary,Gurgaon,"H. No. 88, Near Subhash Chowk, Daronia gali Islampur, Gurgaon",False,,,
554,Haryana,Dispensary,Gurgaon,"Running with Kanhai Dispensary H. No. 88, Near Subhash Chowk, Daronia Gali Islampur, Gurgaon",False,,,
555,Haryana,Dispensary,Kherki Daula,"Ajay Residency Hotel, Near toll Plaza, Kherkidaula",False,,,
556,Haryana,Dispensary,Gurgaon,"ESI Disp, Sector-37, Gurgaon",False,,,
557,Haryana,Dispensary,Gurgaon,"C/o Rishi Prakash Mehra, Near Starus School, Vill-Dunda, Gurgaon",False,,,
558,Haryana,Dispensary,Gurgaon,"701, Ward no.3, Singhanoke Narawal, Gurgaon",False,,,
559,Haryana,Dispensary,Palwal,"Chhaonla Road, Near OBC Bank, Prithla, Palwal",False,,,
560,Haryana,Dispensary,Jagadhri,"ESI Disp., No.8, Jagadhri",False,,,
561,Haryana,Dispensary,Jagadhri,"ESI Disp., II, Jagadhri",False,,,
562,Haryana,Dispensary,Bahadurgarh,"Badali Road, Opp. Mela Ground, Bahadurgarh",False,,,
563,Haryana,Dispensary,Bahadurgarh,"H.No 375, Gali No 5, Netaji Ngar, Nehru Nehri Road, Bahadurgarh",True,latlong.net,"ESI Dispensary, Bahadurgarh Map Location - Bahadurgarh, Haryana - LatLong",https://www.latlong.net/poi/esi-dispensary-bahadurgarh-391203
564,Haryana,Dispensary,Bhiwani,"Gram Panchayat Building, Vill - Khanak, Bhiwani",False,,,
565,Haryana,Dispensary,Gurgaon,"ESI Disp, Daultabad, Gurgaon",False,,,
566,Haryana,Dispensary,Gurgaon,"ESI Disp, Basai Road, Gurgaon",False,,,
567,Haryana,Dispensary,Gurgaon,"ESI Disp, Palam Vihar, Gurgaon",False,,,
568,Haryana,Dispensary,Gurgaon,"ESI Disp, Kadipur, Gurgaon",False,,,
569,Haryana,Dispensary,Gurgaon,"ESI Disp, New Manesar, Gurgaon",False,,,
570,Haryana,Dispensary,Gurgaon,"ESI Disp, New Dharuhera, Gurgaon",False,,,
571,Haryana,Dispensary,Rewari,Running ESI Disp. Rewari,False,,,
572,Haryana,Branch Office,Ambala,"ESI Corporation, 789, Jeevan Nagar, Model Town, Ambala City",False,,,
573,Haryana,Branch Office,Faridabad,"NH5, NIT",False,,,
574,Haryana,Branch Office,Faridabad,"Old Address: Plot No. 211, Sector-23 FARIDABAD New Address: Branch Office, ESI Corporation, House No-28D, 1st Floor, Sector-23-24, Main Road, Opp. SPL Factory, Faridabad, Haryana",False,,,
575,Haryana,Branch Office,Faridabad,"Sector 27D, Branch Office",False,,,
576,Haryana,Branch Office,Faridabad,"Sector 8, Faridabad",False,,,
577,Haryana,Branch Office,Gurgaon,Branch Off Near Civil Lines,False,,,
578,Haryana,Branch Office,Gurgaon,Branch Off Dundahera,False,,,
579,Haryana,Branch Office,Manesar,"Behind Bhishm mandir, Manesar, Gurgaon( New Address-NH-8, Manesar, Near NSG Gate)",False,,,
580,Haryana,Branch Office,Panipat,"Near Main Post office, Bholi Stand, Tilona Pani, Panipat(New address-House 100, Adarsh Nagar, Near Anand Hospital, Near Main Post office, Panipat)",False,,,
581,Haryana,Branch Office,Bahadurgarh,"Near HDFC Bank, Bahadurgarh",False,,,
582,Haryana,Branch Office,Hisar,"Opp. Haryana Tin Factory IDCHISSAR(nw address-C/O ESIS diagnostic center, Disp no.1, Near Dainik Jagran Office, Hisar)",False,,,
583,Haryana,Branch Office,Pinjore,"Plot No. 308, Phase-1, Indtl Area, Panchkula, Haryana",False,,,
584,Haryana,Branch Office,Rai,"Main G.T Road, Rai",False,,,
585,Haryana,Branch Office,Rohtak,"BO, Panchdeep Bhawan, Rohtak",False,,,
586,Haryana,Branch Office,Bhiwani,"ESIC Branch Office Near Raja Resharant hansi road, Bhiwani",False,,,
587,Haryana,Branch Office,Dharuhera,"142 A, HIG Housing Board Colony, Sector 6 DHARUHERA (REWARI)",False,,,
588,Haryana,Branch Office,Sonipat,"ESI Branch office, Near Kalu Pur Chungi",False,,,
589,Haryana,Branch Office,Faridabad,"16/6 Mathura Road, Dpk jewals, Rajiv Chowk, fbd",True,esic.gov.in,ESIC Branch Offices | Employees' State Insurance Corporation,https://esic.gov.in/branchs/index/
590,Haryana,Branch Office,Jagadhri,Inside ESI Hospital Jagadhari,False,,,
593,HP,Hospital,Parwanoo,ESI Hospital Parwanoo,False,,,
594,HP,Hospital,Baddi,ESIC Katha Hospital,False,,,
595,HP,Hospital,Hp,"NALAGARH, SOLAN DISTT",False,,,
596,HP,Hospital,Gagret,"ESI Hospital Gagret, PO Gagret, Distt-Una, (HP)-177201",False,,,
597,HP,Dispensary,Mehatpur,ESI Dispensary Mehatpur,False,,,
598,HP,Dispensary,Baddi,ESI Dispensary Baddi,False,,,
599,HP,Dispensary,Paonta Sahib 1,ESI Dis.Gondpur,False,,,
600,HP,Dispensary,Kalaamb,ESI. DIS. Kalaamb,False,,,
601,HP,Dispensary,Jabli,ESI Dis Jabli,False,,,
602,HP,Dispensary,Shimla,ESI Dis Shimla,False,,,
603,HP,Dispensary,Barotiwala,ESI Dis Barotiwala,False,,,
604,HP,Dispensary,Paonta Sahib,"ESI Dispensary, Malwa Cotton Mills, Patton CHAMBAGHAT, SOLAN DISTT(ESIC Disp., Near",False,,,
605,HP,Dispensary,Chambaghat,"DIC and HFCL office, CHAMBAGHAT Distt.SOLAN",False,,,
606,HP,Dispensary,Nalagarh,"NALAGARH, SOLAN DISTT",False,,,
607,HP,Dispensary,Tahliwal,ESI Dispensary Tahliwal Distt. Una 174507 Himachal Pradesh.,False,,,
608,HP,Dispensary,Kasauli,"ESIC Dispensary (CHC) Kasauli, Distt- Solan, 173204",False,,,
609,HP,Dispensary,Darlaghat,"ESIC Dispensary (CHC) Darlaghat, Distt- Solan, 171102",False,,,
610,HP,Dispensary,Panjgain,"ESIC Dispensary (PHC) Panjgain, Teh- Sadar, Distt- Bilaspur, 174012",False,,,
611,HP,Dispensary,Sansarpur,"ESIC Dispensary (PHC) Sansarpur Terrace, Distt- Kangra, Dharamshala 176501",False,,,
612,HP,Dispensary,Shoghi,"ESI Dispensary, Shoghi, Teh & Distt. Shimla, HP-171219",False,,,
613,HP,Branch Office,Baddi,ESIC BO Baddi,False,,,
614,HP,Branch Office,Mandi,ESIC BO Nerchowk,False,,,
615,HP,Branch Office,Mehatpur,ESIC BO Mehatpur,False,,,
616,HP,Branch Office,Kalaamb,ESIC BO Kalaamb,False,,,
617,HP,Branch Office,Paonta Sahib,BO Panta Sahib,True,mcpatna.esic.gov.in,ESIC Branch Offices | Employees' State Insurance Corporation,https://mcpatna.esic.gov.in/branchs/index/page:15
618,HP,Branch Office,Nalagarh,BO Nalagarh,False,,,
619,HP,Branch Office,Parwanoo,BO Parwanoo,False,,,
624,J&K,Hospital,Jammu,"ESIC MODEL HOSPITAL, SIDCO INDUSTRIAL COMPLEX BARI BRAHMANA, JAMMU-181133",False,,,
625,J&K,Dispensary,Kathua,"ESI MDDC, RAMNAGAR COLONY, OPP. CTM GATE No 7, NH-1A KATHUA, J&K 184102",False,,,
626,J&K,Dispensary,Srinagar,"ESIC Dispensary, SIDCO INDUSTRIAL ESTATE (ME), Zainakote, Srinagar (State)",False,,,
627,J&K,Dispensary,Jammu,"SIDCO Commercial Complex, BARI BRAHMANA, JAMMU",False,,,
628,J&K,Dispensary,Jammu,JMC 1065 Jawahar Nagar Talab Tillo Jammu (180002),False,,,
629,J&K,Dispensary,Jammu,"Industrial estate, Digiana, Jammu",False,,,
630,J&K,Dispensary,Srinagar,"ESIC Dispensary, NEAR J& K BANK, Khunmoh, Srinagar (State)",False,,,
631,J&K,Dispensary,Srinagar,"SIDCO INDUSTRIAL ESTATE, BAGH-I-ALI MARDAN KHAN, SRINAGAR",False,,,
632,J&K,Dispensary,J&K,"ESIC Dispensary, Kathua (State)",False,,,
633,J&K,Dispensary,Srinagar,"ESI Dispensary RANGRETH, SIDCO Ind. Complex, SRINAGAR",False,,,
634,J&K,Branch Office,Jammu,"House no. 312, Sector 1, Sanjay Nagar Jammu,",False,,,
635,J&K,Branch Office,Kathua,"Near Chenab Textiles Mills on National Highway, Kathua",False,,,
636,J&K,Branch Office,Srinagar,"old Barzulla Road, Near National Automobiles, Srinagar",False,,,
639,Jharkhand,Hospital,Namkum,"MS, ESIC Model Hospital, Namkum, Ranchi - 834010",False,,,
640,Jharkhand,Hospital,Jamshedpur,"MS, ESIC Model Hospital, Sardiha, Adityapur, Saraikela, Kharsawan - 831013",False,,,
641,Jharkhand,Hospital,Dhanbad,"M.S, ESIC Hospital, Maithan, Dhanbad",False,,,
642,Jharkhand,Dispensary,Mango,"Mango ESI Dispensary, Road No.4, Jawahar Nagar, Maango, JSR-831012",False,,,
643,Jharkhand,Dispensary,Jasidih,"IMO In-charge, ESI Dispensary, Anand Bhawan, Koiridih colony, Jasidih, Deoghar-814142",False,,,
644,Jharkhand,Dispensary,Gobindpur,"ESI Dispensary Gobindpur, M.I. Complex, Near Volvo Showroom, NH-32, Gobindpur, Dhanbad, Pin - 828109",False,,,
645,Jharkhand,Dispensary,Dhanbad,"MOI, ESI Dispensary, Opp Balm Mandir, Jora Phatak Road, Dhanbad",False,,,
646,Jharkhand,Dispensary,Maithan,"MOI, ESI Dispensary, Kumardhubi P.O-Saraspahari Maithon, Dhanbad",False,,,
647,Jharkhand,Dispensary,Ranchi,"Gurudwara Road Hatia, Tupudana, Ranchi-834003",False,,,
648,Jharkhand,Dispensary,Giridih,"ESIC Dispensary, Shanti Bhawan, SBI Street, Giridih",False,,,
649,Jharkhand,Dispensary,Ramgarh,"MOI, ESI Dispensary, Kalavoni Complex Thana Chowk/281, Ramgarh Cantt, Ramgarh - 829117",True,esic.gov.in,ESIC Dispensaries | Employees' State Insurance Corporation,https://www.esic.gov.in/dispensaries
650,Jharkhand,Dispensary,Jamshedpur,"ESI Dispensary Adityapur, Sridungri, Infront of BSNL Office, Tata-Kandra Main Road, P.S+P.O Adityapur, Dist- Saraikela Kharsawan",False,,,
651,Jharkhand,Dispensary,Jamshedpur,"MOI, ESI Dispensary, Mehatu Para Road, Near Kali Mandir, Jugsalai, Jamshedpur",False,,,
652,Jharkhand,Dispensary,Jamshedpur,"ESI Dispensary, Seva Sadan, Gora Bhata, Sakchi, Jamshedpur",False,,,
653,Jharkhand,Dispensary,Saraikela,"ESIC Dispensary, Gamharia, HP Bhawan, Moti Nagar, RARA Gamharia, Near Block Office Gamharia, Saraikela Kharsawan-832108",False,,,
654,Jharkhand,Dispensary,Koderma,"Jhumri Tilaiya, Koderma (N/A)",False,,,
655,Jharkhand,Dispensary,Ranchi,"MOI, ESI Dispensary, Sector IV, Dhurwa, Ranchi 834004",False,,,
656,Jharkhand,Dispensary,Ranchi,"Mani Complex, 18 Old HB Road, Shanti Nagar, Kokar, Ranchi",False,,,
657,Jharkhand,Dispensary,Ranchi,"MOI, ESI Dispensary, Tati Silway, EFF Factory Campus, Ranchi-835103",False,,,
658,Jharkhand,Dispensary,Bokaro,"MOI, ESI Dispensary, 701, Gari Cooperative colony, P.O Sivandih, Bokaro-827010",False,,,
659,Jharkhand,Dispensary,Madhupur,"ESIC Dispensary Garna Opposite Madhupur Block Office, Madhupur",False,,,
660,Jharkhand,Dispensary,Dhanbad,ESI Dispensary Nirsa Jamtara Road Sindori more Road Dhanbad,False,,,
661,Jharkhand,Branch Office,Bokaro,"ESI Corporation, 1st Floor, Raj Laxmi Tower, Bye Pass Road, Chas, Bokaro-827013",False,,,
662,Jharkhand,Branch Office,Jamshedpur,"ESIC Branch, Opp BSNL Exchange Office, Tata-Kandra Road, Adityapur, Jamshedpur.",False,,,
663,Jharkhand,Branch Office,Jasidih,"ESIC Branch Office, Mahanand Vatika, Upper Bilasi Town, Near, Amantran Vatika, Deoghar, Jharkhand-814113",False,,,
664,Jharkhand,Branch Office,Giridih,"near vishwanath nursing home barmasia shital ghat road,giridih-815301",False,,,
665,Jharkhand,Branch Office,Golmuri,"ESI Corporation, 4 Shop Area, Lakhbir Complex, Kalibari Road, Namda Basti, Golmuri, Jamshedpur-831003",False,,,
666,Jharkhand,Branch Office,Dhanbad,"MIG B-94, Second Floor, Housing Board Colony, Bartanr, Dhanbad - 826001",False,,,
667,Jharkhand,Branch Office,Jhumri Tilaiya,"H/O: Sh Chhotu Modi, Near Old Bus Stand, Jhumri Tilaiya,",False,,,
668,Jharkhand,Branch Office,Ranchi,"ESIC Branch Office, Many Complex, 2nd old HB Road, Gharatoli, Kokar, Ranchi",False,,,
669,Jharkhand,Branch Office,Kumardhubi,"ESI Corporation, Nehru Road, Teliadih, Post-Chirkunda, Kumardhubi",False,,,
670,Jharkhand,Branch Office,Nirsa,"ESI Corporation, Jamtara Road, Sindri More, Nirsa, Dhanbad-828205",False,,,
671,Jharkhand,Branch Office,Ramgarh,"ESI Corporation, Opp. Kesar Petrol Pump, NH-33, Sarai Ramgarh cantt, Dist- Ramgarh- 829122",False,,,
681,Kerala,Hospital,Thrissur,"Olarikkara, Thrissur-680012",False,,,
682,Kerala,Hospital,Athani,"Peringandoor [P.O], Mulankunnathukavu, Thrissur",False,,,
683,Kerala,Hospital,Palakkad,Jainamedu Palakkad-678012,False,,,
684,Kerala,Hospital,Ernakulam,"Pathalam Junction, Udyogamandal, Ernakulam-683501",False,,,
685,Kerala,Hospital,Peroorkada,"ESI Dispensary Neyyattinkara, Mangamury Junction, Poovar Road, Neyyattinkara(PO), Trivandrum-695121",True,yappe.in,Employee's State Insurance Dispensary - Hospital - Neyyattinkara ...,https://yappe.in/kerala/neyyattinkara/employee-s-state-insurance-dispensary/793370
686,Kerala,Hospital,Ernakulam,"ESI Hospital, Near North Railway Station, Ernakulam-682018",False,,,
687,Kerala,Hospital,Kollam,"1st&2nd floor, St. Thomas Shopping Complex, Cross Junction, Near Shankar's Hospital, Kadappakkada",False,,,
688,Kerala,Hospital,Feroke,"ESI HOSPITAL FEROKE, PO FEROKE KOZHIKODE 673631",False,,,
689,Kerala,Hospital,Kannur,"ESI HOSPITAL THOTTADA, THOTTADA P.O. KANNUR 670007",False,,,
690,Kerala,Hospital,Alappuzha,"ESI Hospital, Thiruvampadi P.O, Alappuzha 688002",False,,,
691,Kerala,Hospital,Ezhukone,"ESIC Hospital, Cheerankavou, Ezhukone, Kollam",False,,,
692,Kerala,Hospital,Vadavathur,"ESI Hospital, Vadavathur, Vadavathur (P.O), Kottayam",False,,,
693,Kerala,Hospital,Parippally,"ESI Hospital, Parippuram, Parippally, Kollam 691574",False,,,
694,Kerala,Dispensary,Thrissur,"ESI Dispensary, Kodungalloor Road, Irinjalakuda P.O., Thrissur-680121",False,,,
695,Kerala,Dispensary,Thrissur,"ESI Dispensary, Alagappanagar P.O-680302",False,,,
696,Kerala,Dispensary,Chalakudy,"ESI Dispensary, Market Road, Chalakudy P.O 680307",False,,,
697,Kerala,Dispensary,Irinjalakuda,"ESI Dispensary, Irinjalakuda, Near LIC Office, Irinjalakuda P.O. PIN -680128",False,,,
698,Kerala,Dispensary,Irinjalakuda,"ESI Dispensary, Near Primary Health Centre, Avur PO, Kattoor (Via) PIN-680683",False,,,
699,Kerala,Dispensary,Kunnamkulam,"ESI Dispensary, Near Popular Showroom, Kunnamkulam, Kanippayoor, Thrissur - 680517",False,,,
700,Kerala,Dispensary,Thrissur,"ESI Dispensary, Karuvannur, Cherraalam Stop, Karavannur P.O., PIN 680711",False,,,
701,Kerala,Dispensary,Chalakudy,"ESI Dispensary, Near Railway Gate, Koratty 680308",False,,,
702,Kerala,Dispensary,Athani,"ESI Dispensary, Wadakkancherry, Kunnamkalam Road, Kumaranellur P.O, Thrissur - 680590",False,,,
703,Kerala,Dispensary,Thrissur,"ESI Dispensary, Kuttanellur, Inside ESIC Quarters, Block No 26, Kuttanellur P.O, Thrissur - 680014",False,,,
704,Kerala,Dispensary,Athani,"ESI Dispensary, Mulamkunnathukavu, Near Medical College, Peringandoor P.O, Thrissur - 680581",False,,,
705,Kerala,Dispensary,Thrissur,"ESI Dispensary, Near ESI Hospital, Pullazhi, Olarikkara P.O, Thrissur - 680012",False,,,
706,Kerala,Dispensary,Thrissur,"ESI Dispensary, Near KSEB Office, Ollur P.O, Thrissur - 680306",False,,,
707,Kerala,Dispensary,Mala,"ESI Dispensary, Mala, Near KSRTC Bus Stand, PO Mala Pallipuram - PIN 680732",False,,,
708,Kerala,Dispensary,Thrissur,"ESI Dispensary, Poonkunnam, Opp. Sreerama Temple, Thrissur - 680002",False,,,
709,Kerala,Dispensary,Chittor,"ESI Dispensary, Chittoor, Post Office Junction, Opp. SBT ATM Centre, Chittoor P.O, PIN 678101",False,,,
710,Kerala,Dispensary,Walayar,"ESI Dispensary, Walayar, Velanthavalam Road, Chandrapuram P.O, PIN-678621",False,,,
711,Kerala,Dispensary,Palakkad,"ESI Dispensary, Palakkad, Jainamedu P.O. 678012",False,,,
712,Kerala,Dispensary,Ottapalam,"ESI Dispensary, Near Chunanghur Temple, Ottapalam, 679101",True,nta.esic.gov.in,ESIC Dispensaries | Employees' State Insurance Corporation,https://nta.esic.gov.in/dispensaries
713,Kerala,Dispensary,Parali,"ESI Dispensary, Chakkunthara Bus Stop, Parali P.O, Pin - 678612",False,,,
714,Kerala,Dispensary,Kanjikode,"ESI Dispensary, Kanjikode, Kanjikode West, Sakthinagar PIN 678623",False,,,
715,Kerala,Dispensary,Kerala,"ESI Dispensary, Kulappully Junction, N S Press, Shornur, 679121",False,,,
716,Kerala,Dispensary,Kottakal,"Esi Dispensary Kottakkal, Kottakkal Road, Near Mini Industrial, Kottakkal (P.O) PIN-676503",False,,,
717,Kerala,Dispensary,Kuttipuram,"Esi Dispensary Kuttippuram, Near Kuttippuram Bus-stand, Panchayath Building, Kuttippuram (P.O) PIN-679571",False,,,
718,Kerala,Dispensary,Malappuram,"Esi Dispensary Haiyarpalli, Malappuram (P.O) PIN 676510",False,,,
719,Kerala,Dispensary,Nilambur,"Esi Dispensary, Nilambur, Kovilakam Road, Nilambur, PIN - 679329",False,,,
720,Kerala,Dispensary,Aroor,"St Augustinous Church Building Bypass Junction, Aroor",False,,,
721,Kerala,Dispensary,Alwaye,"Aluva No.1, Near BSNL Exchange, Alwaye Ernakulam-683101",False,,,
722,Kerala,Dispensary,Ernakulam,"Aluva No.2, Near BSNL Exchange, Alwaye Ernakulam-683101",False,,,
723,Kerala,Dispensary,Angamaly,"Near Government Hospital, Angamaly P.O 683572, Angamaly, Ernakulam Kerala India",False,,,
724,Kerala,Dispensary,Angamaly,"Opposite Indian Bank, Chengamanad P.O, Athani Ernakulam 683578",False,,,
725,Kerala,Dispensary,Ernakulam,"Near Binanipuram Post Office, Edayar, Binanipuram P.O, Ernakulam 683502",False,,,
726,Kerala,Dispensary,Ernakulam,"Edappally, Pookkattupadi Road, Near Thrikkakara Temple, Kochi University P.O, Ernakulam 682022",False,,,
727,Kerala,Dispensary,Kakkanad,"ESI Dispensary, CSEZ, Kakkanad, Ernakulam-682037",False,,,
728,Kerala,Dispensary,Kalamassery,"DOOR NO. XI/521, CHANGAMPUZHA NAGAR P.O, PATHADIPALAM, Kalamassery ERNAKULAM 682034",False,,,
729,Kerala,Dispensary,Thripunithura,"Vadavukode Farmers Coop Bank Building, Ambalameda, Karimugal, Brahmapuram P.O, Ernakulam",False,,,
730,Kerala,Dispensary,Paravur,"ESI Dispensary, Kunnapilly house, Near Government Hospital & ITC, Koonammavu P.O, Ernakulam",False,,,
731,Kerala,Dispensary,Vazhakulam,"N.Vazhakulam, Near Vazhakulam Grama Panchayath, Marampilly P.O, Ernakulam 683107",False,,,
732,Kerala,Dispensary,Njarakkal,"ESI DISPENSARY NJARAKKAL, NEAR BSNL BUILDING, THULAPARAMBU ROAD, NJARAKKAL P.O, PIN 682505",False,,,
733,Kerala,Dispensary,Paravur,"Next to Bank of India, Bank of India Building, Market Road, North Paravoor, Ernakulam",False,,,
734,Kerala,Dispensary,Perumbavoor,"ESI Dispensary, Near Seemas Textiles, MC Road, Perumbavoor Ernakulam - 683542",False,,,
735,Kerala,Dispensary,Thripunithura,"ESI Dispensary, Next to AR Camp, Hill Palace P.O, Thripunithura, Ernakulam - 682301",False,,,
736,Kerala,Dispensary,Ernakulam,"ESI Dispensary, Udyogamandal P.O, Ernakulam 683501",False,,,
737,Kerala,Dispensary,Thodupuzha,"Callal Shopping Complex, Near Private Bus Stand, Pala Road, Thodupuzha Idukki 685584",False,,,
738,Kerala,Dispensary,Muvattupuzha,"Civil Station Building, Mudavoor P.O, Muvattupuzha Ernakulam",True,healthdial.com,"ESI Dispensary, Muvattupuzha - Clinic in Muvattupuzha | HealthDial",https://healthdial.com/muvattupuzha/esi-dispensary-muvattupuzha-kerala
739,Kerala,Dispensary,Attingal,"ESI Dispensary Attingal, Kizhuvilam (PO), Mamom, Attingal, Trivandrum 695104",False,,,
740,Kerala,Dispensary,Kazhakoottam,"ESI Dispensary Kazhakoottam, Kazhakoottam (PO) Trivandrum 695582",False,,,
741,Kerala,Dispensary,Kilimanur,"ESI Dispensary Kilimanoor, Athiraanjali, Valingal, Kilimanoor (PO) Trivandrum-695602",False,,,
742,Kerala,Dispensary,Kovalam,"ESI Dispensary Kovalam, (Near Amma Hospital), Nellumon, Kovalam (PO), Trivandrum-695527",False,,,
743,Kerala,Dispensary,Neyyattinkara,"ESIS Dispensary, House Name: Thusharam, Manjamun Junction, Poovar Road, Neyyattinkara, Thiruvananthapuram-695121",False,,,
744,Kerala,Dispensary,Peroorkada,"ESI Dispensary Madavoor, Madavoor (PO) Trivandrum 695602",False,,,
745,Kerala,Dispensary,Peroorkada,"ESI Dispensary, Peroorkada P.O, Thiruvananthapuram - 695005",False,,,
746,Kerala,Dispensary,Chakkai,"ESI Dispensary Chakkai, Pettah.P.O, Thiruvananthapuram - 695024",False,,,
747,Kerala,Dispensary,Balaramapuram,"ESI Dispensary Balaramapuram, Vedivachankoil(PO), Trivandrum 695501",False,,,
748,Kerala,Dispensary,Trivandrum,"Vanumangattu, Trivandrum",False,,,
749,Kerala,Dispensary,Ernakulam,"ESI Dispensary, Opposite St. Mary's Church, Thoppumpady, Palluruth (PO), Kochi - 6",False,,,
750,Kerala,Dispensary,Ernakulam,"ESI Dispensary, Opposite INS Dronacharya, Pattalam Road, Fort Kochi - 682001",False,,,
751,Kerala,Dispensary,Ernakulam,"ESI Dispensary, ESI Compound, Near North Railway Station, Ernakulam-682018",False,,,
752,Kerala,Dispensary,Pulinchuvadu,"ESI Dispensary, Near Thekkenaru, Town Hall, Vaikom-686141",False,,,
753,Kerala,Dispensary,Kottayam,"ESI Dispensary, Eranjikadavu Kooparech Temple Road, Near Vidyadhiraja School, Kottayam 686501",False,,,
754,Kerala,Dispensary,Peroor,"ESI Dispensary, Ettumanoor, Palliparambu Buildg, Peroor P.O, 686637",False,,,
755,Kerala,Dispensary,Ezhukone,"ESI Dispensary, Keralapuram, Pathanikutty, Keralapuram, Perumpuzha (P.O), Kundara 691504",False,,,
756,Kerala,Dispensary,Karunagapally,"ESI Dispensary, Thazhava, Kallelibhagam P.O, Karunagappalli, Kollam - 690546",False,,,
757,Kerala,Dispensary,Kollam,"ESI Dispensary, Sooranad, Sooranad North P.O, Kollam - 690561",False,,,
758,Kerala,Dispensary,Kollam,"ESI Dispensary, Ramankulangara, Kavanadu P.O, Kollam - 691003",False,,,
759,Kerala,Dispensary,Bharanikavu,"ESI Dispensary, Poruvazhy P.O, Bharanikavu Kollam - 690520",False,,,
760,Kerala,Dispensary,Pattazhy,"ESI Dispensary Pattazhy, Pattazhy (PO), Kollam-690522",False,,,
761,Kerala,Dispensary,Pelayathode,"ESI Dispensary, Polayathode, ESI RDD Compound, Polayathode, Kollam - 691001",False,,,
762,Kerala,Dispensary,Ezhukone,"ESI Dispensary, Mulavana, Kundara (PO), Kollam - 691501",False,,,
763,Kerala,Dispensary,Parippally,"ESI Dispensary Thrikkadavoor, Mathilchala (PO), Kollam-691577",False,,,
764,Kerala,Dispensary,Kulasekharapuram,"ESI Dispensary, Kulasekharapuram P.O, Kollam 690544",True,justdial.com,"Esi Dispensary, Kulasekharapuram, Kollam - Justdial",https://www.justdial.com/Kollam/Esi-Dispensary-Kulasekharapuram/9999PX474-X474-241125235218-G4M2_BZDET
765,Kerala,Dispensary,Chenkotta,"ESI Dispensary, Kizhekkallur, Kollam-Chenkotta Road, Kilikollur P.O, Kollam 691004",False,,,
766,Kerala,Dispensary,Kollam,"ESI Dispensary Pooyapally, Pooyapally(PO), Kollam-691537",False,,,
767,Kerala,Dispensary,Anchal,"ESI Dispensary Anchal, Anchal (PO), Kollam-691306",False,,,
768,Kerala,Dispensary,Chemmakkad,"ESI Dispensary Perinad, Anchalumood - Kundara Road, Chemmakkad P.O, Kollam - 691603",False,,,
769,Kerala,Dispensary,Kadakkal,"ESI Dispensary Kadakkal, Kadakkal (PO), Kollam 691536",False,,,
770,Kerala,Dispensary,Avaneeshwaram,"ESI Dispensary Vilakkudy, Avaneeshwaram R.S (PO), Kollam-691517",False,,,
771,Kerala,Dispensary,Navaikulam,"ESI Dispensary Navaikulam, Navaikulam(PO), Trivandrum-695603",False,,,
772,Kerala,Dispensary,Ezhukone,"ESI Dispensary Nedumpana, Nallila (PO), Kollam 691515",False,,,
773,Kerala,Dispensary,Kollam,"ESI Dispensary Asramam, Kollam - 691002",False,,,
774,Kerala,Dispensary,Chavara,"ESI Dispensary, Puthen Thura P.O, Chavara, Kollam - 691588",False,,,
775,Kerala,Dispensary,Kollam,"ESI Dispensary, Puthur P.O, Kollam - 691507",False,,,
776,Kerala,Dispensary,Punaloor,"ESI Dispensary, Punaloor, Kollam - 691305",True,nta.esic.gov.in,ESIC Dispensaries | Employees' State Insurance Corporation,https://nta.esic.gov.in/dispensaries
777,Kerala,Dispensary,Parippally,"ESI Dispensary, Parippally, Kollam - 691574",False,,,
778,Kerala,Dispensary,Kottarakkara,"ESI Dispensary, Pulamon P.O, Kottarakkara Kollam - 691506",False,,,
779,Kerala,Dispensary,Kadapakkada,"ESI Dispensary Kotthiyam, Kottiyam (PO), Kollam 691002",False,,,
780,Kerala,Dispensary,Kalluvathukkal,"ESI Dispensary, Near Elankulam Kunjanpilla Memorial, Kalluvathukkal.P.O, Kollam-691578",False,,,
781,Kerala,Dispensary,Chathannur,"ESI Dispensary, Near Thirumuk, Karamcode P.O, Chathannur, Kollam - 691579",False,,,
782,Kerala,Dispensary,Kannur,"ESI Dispensary, Melechowa, Near Bishop House, Chovva P.O, Kannur PIN - 670006",False,,,
783,Kerala,Dispensary,Feroke,"ESI Dispensary Cheruvannur, ESI Cheruvannur Dispensary Building, Feroke.P.O, Kozhikode PIN-673631",False,,,
784,Kerala,Dispensary,Calicut,"ESI Dispensary, Mavoor, Near CSI Office, ESI Compound, Mavoor P.O, Kozhikode Pin -673661",False,,,
785,Kerala,Dispensary,Naravoor,"ESI Dispensary, Kuthuparamba, Naravoor Road, Kuthuparamba, PIN-Kannur 670702",False,,,
786,Kerala,Dispensary,Kannur,"INSURANCE MEDICAL OFFICER, ESI DISPENSARY KANNUR, THANA P.O, NEAR MANIKY KAVU TEMPLE, KANNUR-670012",False,,,
787,Kerala,Dispensary,Chalapuram,"ESI Dispensary, Eranjippalam, Wayanad Road, Eranhippalam Junction, Eranhippalam P.O, Kozhikode PIN-673006",False,,,
788,Kerala,Dispensary,Calicut,"ESI Dispensary, Kuruvatturparam, Paroppadi, P.O. Marikkunnu, Calicut, Kozhikode PIN-673012",False,,,
789,Kerala,Dispensary,Kannur,"ESI Dispensary, Chandam, West Ponniam, Thalassery, Kannur P.O-670641",False,,,
790,Kerala,Dispensary,Chalapuram,"ESI Dispensary, Thiruvannur, Calicut Kannur Road, Opposite KVR Bajaj Showroom, West Hill Kozhikode 673005",False,,,
791,Kerala,Dispensary,Feroke,"INSURANCE MEDICAL OFFICER, ESI DISPENSARY CHERUVANNUR 2, FEROKE P.O, CHERUVANNUR, KOZHIKODE 673631",False,,,
792,Kerala,Dispensary,Chalapuram,"ESI Dispensary, Chalappuram, ESI Compound, Chalappuram (P.O.), Kozhikode, PIN 673002",False,,,
793,Kerala,Dispensary,Kannur,"ESI Dispensary, Dharmadam, Melur Road, Near Post Office, Dharmadam Kannur P.O-670106",False,,,
794,Kerala,Dispensary,Chemanchery,"ESI Dispensary, Chemancherry, Pookkad, Thonikkadav Road, Near KSEB Office, Chemmanchery, Kozhikode P.O-673304",False,,,
795,Kerala,Dispensary,Azhikode,"ESI Dispensary, Azhikode, ESI Road, Azhikode P.O - Kannur 670009",False,,,
796,Kerala,Dispensary,Vazhakad,"ESI Dispensary, Vazhakkad, Opposite Police Station, Vazhakkad, Kozhikode 673640",False,,,
797,Kerala,Dispensary,Vidyanagar,"ESI Dispensary Kasaragod, Vidyanagar, Kasargode 671123",False,,,
798,Kerala,Dispensary,Valapatanam,"ESI Dispensary, Valapattanam, ICD Building, Valapattanam P.O, Kannur PIN-670010",False,,,
799,Kerala,Dispensary,Kannur,ESI DISPENSARY MANGATUPARAMBA PUKKOTHUKADA TEMPLE ROAD THALIPARAMBA 670564,False,,,
800,Kerala,Dispensary,Pappinissery,"ESI Dispensary, ESI Compound, Near Railway Station, Pappinissery Kannur 670561",False,,,
801,Kerala,Dispensary,Thaliparambu,"ESI Dispensary, Thaliparamba, 7th Mile Stone, Thaliparambu Kannur P.O, PIN-670141",False,,,
802,Kerala,Dispensary,Vadakara,"ESI Dispensary Kainatty, Regency Tower, Near New Bus stand, Vadakara, PIN 673101",False,,,
803,Kerala,Dispensary,Feroke,"ESI DISPENSARY CHUNGAM, NEAR FEROKE POLICE STATION, FEROKE P.O., KOZHIKODE 673631",True,nta.esic.gov.in,ESIC Dispensaries | Employees' State Insurance Corporation,https://nta.esic.gov.in/dispensaries
804,Kerala,Dispensary,Pallor,"ESI DISPENSARY,, MMC No: IX/49C, KIZHAKKE KATTIL PARAMBA, NEAR NELLIYATT TEMPLE, EAST PALLOOR, MAHE 670106",False,,,
805,Kerala,Dispensary,Payyannur,"ESI DISPENSARY PAYYANNUR, NEAR KVR DREAM VEHICLES, KANDOTH, PAYYANNUR P.O. KANNUR 670307",False,,,
806,Kerala,Dispensary,Alapuzha,"ESI Dispensary, Beach Ward, Thiruvampadi (PO), Alapuzha-688002",False,,,
807,Kerala,Dispensary,Cherthala,"ESI Dispensary Cherthala, Building no 15/124A, Cherthala Municipal Corporation - 17 (CMC-17) Police Station to Arujalpaalam road Cherthala P O",False,,,
808,Kerala,Dispensary,Chengannur,"ESI Dispensary Chengannur, Uppukattil Building, Angadikkal Jn, Puthenkavu PO, Chengannur 689123",False,,,
809,Kerala,Dispensary,Aroor,"ESI Dispensary, Ezhupunna, Eramalloor P.O,Alappuzha -688537",False,,,
810,Kerala,Dispensary,Alapuzha,"ESI Dispensary Factory Ward, Sanathanapuram, Alappuzha 688003",False,,,
811,Kerala,Dispensary,Kayamkulam,"ESI Dispensary Kannanakkal, Parayamkulam, Nooranadu, Alapuzha 690504",False,,,
812,Kerala,Dispensary,Kayamkulam,"ESI Dispensary Kayamkulam, peringala po Kayamkulam, Alappuzha -690559",False,,,
813,Kerala,Dispensary,Mavelikkara,"ESI Dispensary, Anapraha, Eruva West, Karingalangarai P O, Kayamkulam",False,,,
814,Kerala,Dispensary,Chengannur,"ESI Dispensary Mannar, Kuttemperoor(PO), Chengannoor, Alapuzha-689623",False,,,
815,Kerala,Dispensary,Mavelikkara,"ESI Dispensary Mavelikkara, Mavelikkara (PO), Alapuzha 690101",False,,,
816,Kerala,Dispensary,Alapuzha,"ESI Dispensary, Muhamma P.O, Alappuzha -688525",False,,,
817,Kerala,Dispensary,Kayamkulam,"ESI Dispensary Palamel, Palamel (PO), Nooranadu, Alapuzha 690504",False,,,
818,Kerala,Dispensary,Pathiraappally,"ESI Dispensary, Pathiraappally, Alappuzha-688521",False,,,
819,Kerala,Dispensary,Ranni,"Dispensary, Keekozhoor South P.O, Pathanamthitta - 689672",False,,,
820,Kerala,Dispensary,Pathanamthitta,"ESI Dispensary Enathu, Vellayanparambil building, Near Cashew Factory, Enathu P O Enathu",False,,,
821,Kerala,Dispensary,Kottarakkara,"ESI Dispensary, Sadanandapuram P.O, Kottarakkara (Kollam) - 691550",False,,,
822,Kerala,Dispensary,Kollam,"ESI Dispensary, Mynagappally P.O, Kollam - 690519",False,,,
823,Kerala,Dispensary,Parippally,"ESI Dispensary, Mylom P.O, Inshakkad, Kollam - 691560",False,,,
824,Kerala,Dispensary,Nelamperur,"ESI Dispensary, Sachivothamapuram, Near Puthenpalli, Neelamperoor P.O., PIN-686534",False,,,
825,Kerala,Dispensary,Kollam,"ESI Dispensary, Thrippalazhikam, Ezhukone P.O, Ezhukone, Kollam - 691505",False,,,
826,Kerala,Dispensary,Vadavathur,"ESI Dispensary, ESI Compound, Next to ESI Hospital, Vadavathur, 686010",False,,,
827,Kerala,Dispensary,Muthoor,"TMC-XIX/353, ESI Dispensary, Vrindavan Building, Kattappuzha, Kizhakkan Muthoor P.O, Thiruvalla-689107",False,,,
828,Kerala,Dispensary,Changanassery,"ESI Dispensary, Changanasserry, Near Vazhappalli Temple, Changanasseri - 686104",True,nta.esic.gov.in,ESIC Dispensaries | Employees' State Insurance Corporation,https://nta.esic.gov.in/dispensaries
829,Kerala,Dispensary,Vadavathur,"ESI Dispensary, Velloor, Newsprint Nagar P.O, Kottayam - 686616",False,,,
852,Kerala,Branch Office,Alwaye,"ESIC BO, KAP Commercial Centre, Market Road, Alwaye - 683101",False,,,
853,Kerala,Branch Office,Angamaly,"ESIC BO, Building No 29, M/XV, 1st Floor, Puthussery Towers, Angamaly-683572",False,,,
854,Kerala,Branch Office,Ernakulam,"ESIC BO, Kattathara Building, T D Road South, Ernakulam-682 011, North Railway Station",False,,,
855,Kerala,Branch Office,Ernakulam,"ESI BO, Main Road, Palluruthi, Thoppumpady, Ernakulam",False,,,
856,Kerala,Branch Office,Kalamassery,"ESIC BO, 1st Floor, Holy Angel Shopping Centre, Kalamassery South Junction, Kalamassery-683104",False,,,
857,Kerala,Branch Office,Ernakulam,"ESIC BO, First Floor, Door No 11/567, Hospital Road, Kunnumpuram, Fort Kochi - 682001",False,,,
858,Kerala,Branch Office,Perumbavoor,"ESI BO, ESI Road, Perumbavoor - 683542",False,,,
859,Kerala,Branch Office,Thripunithura,"ESI BO, Nadupally Shopping Complex, Tripunithura-682301",False,,,
860,Kerala,Branch Office,Ernakulam,"ESIC BO, UP X/383, Udyogamandal - 683501",False,,,
861,Kerala,Branch Office,Kerala,"ESIC Branch Office Thodupuzha, Shri Laxmi Towers, Opp to Hotel Ambady, Thodupuzha Muvattupuzha Highway, Thodupuzha, Kerala",False,,,
862,Kerala,Branch Office,Ettumanoor,"BO, Vettoor Building, MC Road, Ettumanoor",False,,,
863,Kerala,Branch Office,Kottayam,"BO, XMC II/200, Chalil Building, Collectorate, Kottayam",False,,,
864,Kerala,Branch Office,Vadavathur,"BO, Edathumpara Building, Mele Velloor P.O, Kottayam",False,,,
865,Kerala,Branch Office,Alapuzha,"ESIC BO, Factory Ward Dispensary Compound, Alappuzha-688001",False,,,
866,Kerala,Branch Office,Cherthala,"BO, 1100/22, Nadakkav, Cherthala, Alappuzha",False,,,
867,Kerala,Branch Office,Kayamkulam,"ESIC BO, Near KSRTC Bus Station, N.H., Kayamkulam, Alappuzha",False,,,
868,Kerala,Branch Office,Parippally,"BO, Remylayam Bldg., No. IX/255, Chathannur, Kollam - 691 572",False,,,
869,Kerala,Branch Office,Ezhukone,"ESI BO, Vadakkeman Building, Ezhukone, Kollam - 691 505",False,,,
870,Kerala,Branch Office,Karunagapalli,"BO, Rama Nilayam, Pada Nair Kulasgara North, Karunagappally, Kollam",False,,,
871,Kerala,Branch Office,Kilikollur,"ESIC BO, Sabari Complex, Munram Kutti, Kilikollur, Kollam-691004",False,,,
872,Kerala,Branch Office,Kollam,"1st Floor, Parameswaran Pillai Bhavan, Parameswaran Nagar, Kollam - 691 001,",False,,,
873,Kerala,Branch Office,Kottarakara,"ESIC BO, Kunnuvila Building, Venus Junction, BS Road, Kottarakkara, Kollam - 691506",False,,,
874,Kerala,Branch Office,Ezhukone,"Pazhpamangalath Building, Opp. Railway Station, Mukkada, Kundara - 691 501",False,,,
875,Kerala,Branch Office,Adoor,"ESIC BO, Dickson Tourist Home, Adoor P.O, Pathanamthitta",False,,,
876,Kerala,Branch Office,Punalur,"ESIC BO, Near ESI Dispensary, Punalur, Kollam - 691305",False,,,
877,Kerala,Branch Office,Ezhukone,"ESIC BO, Near ESI Dispensary, Puthur, Kollam - 691507",True,esic.gov.in,Branch Offices( BO) | Employee's State Insurance Corporation ... - ESIC,https://www.esic.gov.in/karnataka
878,Kerala,Branch Office,Sasthamcotta,"ESIC BO, Ravi Mandiram, Manakkara, Sasthamcotta, Kollam",False,,,
879,Kerala,Branch Office,Chalapuram,"CHAKKORATH KULAM, KANNUR ROAD, NEAR INDUS MOTORS, KOZHIKODE 673006",False,,,
880,Kerala,Branch Office,Chalapuram,"PUTHIYAPALAM, CHALAPPURAM P.O, KOZHIKODE 673002",False,,,
881,Kerala,Branch Office,Calicut,"MAVOOR, KANNIPARAMBA ROAD, MAVOOR P.O, KOZHIKODE 673661",False,,,
882,Kerala,Branch Office,Feroke,"FEROKE, CALICUT - SHORNUR ROAD, CHERUVANNUR, FEROKE P.O, KOZHIKODE 673631",False,,,
883,Kerala,Branch Office,Kerala,"VATAKARA, REGENCY TOWER 1st FLOOR, NEAR NEW BUS STAND, VATAKARA 673101",False,,,
884,Kerala,Branch Office,Malappuram,"PARAMBATH COMPLEX, KAVUNGAL JUNCTION, PERINTHALMANNA ROAD, MALAPPURAM 676505",False,,,
885,Kerala,Branch Office,Kannur,"KANNUR, PALLIKANDY BUILDING, OPPOSITE BASIC TRAINING SCHOOL, KANNUR 670002",False,,,
886,Kerala,Branch Office,Kannur,"THALASSERY, PEE VEE COMPLEX, 2nd FLOOR, MM ROAD, THALASSERY 670101",False,,,
887,Kerala,Branch Office,Pappinissery,"PAPPINISSERY, NEAR PAPPINISSERY RAILWAY STATION, KANNUR 670561",False,,,
888,Kerala,Branch Office,Valapatanam,"J.S LAND BUILDING, UPSTAIR OF IOB, RAILWAY STATION ROAD, VALAPATTANAM, 670010",False,,,
889,Kerala,Branch Office,Payyannur,"S.M. COMPLEX, NEAR POLICE STATION, PAYYANNUR, KANNUR 670307",False,,,
890,Kerala,Branch Office,Thayalangadi,"KAIMATTA COMPLEX, 1st FLOOR, KIRT ROAD, THAYALANGADI, KASARGODE 671121",False,,,
891,Kerala,Branch Office,Kalpetta,"M.J. ARCADE, NH17, NEAR HARITHAGIRI RESORT, KALPETTA, WAYANAD 673121",False,,,
903,KN,Hospital,Kn,"ESIC Hospital, Dean Office /Medical college, Sedam Road, Gulbarga.",False,,,
904,KN,Hospital,Mangalore,"Hospital, Mangalore, ESIM Premises, Kadri Shivabhagh, Mangalore",False,,,
905,KN,Hospital,Hubli,"New Building, ESI Hospital, Karwar Road Hubli, 580024",False,,,
906,KN,Hospital,Basavanagudi,"BASAVANGUDI DIAGNOSTIC CENTRE, North Anjaneya Temple Street, Basavanagudi, BANGALORE 560004",False,,,
907,KN,Hospital,Raja Jinagar,"II Block, Rajajinagar, RAJAJINAGAR Med. Supdt ESI Hospital 3rd Block, Rajajinagar BANGALORE-10",False,,,
908,KN,Hospital,Kn,"esi hospital peenya, peenya 1st stage near fti industrial area",False,,,
909,KN,Hospital,Banglore,"ESI Hospital, Indiranagar, Bangalore-38",False,,,
910,KN,Hospital,Mysore,"ESI Hospital, KRS Rd, Mysore, 570020",False,,,
911,KN,Hospital,Belgaum,"BELGAUM Medical Superintendent, ESI Hospital, Ashok Nagar, Nr. BUDA Office, At Post Shivajinagar, BELGAUM 16.",False,,,
912,KN,Hospital,Davangere,"New Building, ESI Hospital Nittuvalli Extension, Davangere, 577004",False,,,
913,KN,Hospital,Kn,"ESIC College of Nursing, No. 70, Appareddy Palya, 7th Main, Indiranagar, Bangalore-560 008.",False,,,
914,KN,Hospital,Dandeli,"Medical Superintendent, ESI Hospital, JN Road, Dandeli--581325",False,,,
915,KN,Dispensary,Shimoga,"Shimoga, B.H. Road Cross, Galib Saheb Street, Lashkar Mohalla, Shimoga-577201",True,justdial.com,"Esi Dispensary, Bh Road Shimoga, Shimoga - Justdial",https://www.justdial.com/Shimoga/Esi-Dispensary-Opposite-Med-Plus-Bh-Road-Shimoga/9999P8182-8182-170203113846-N5R1_BZDET
916,KN,Dispensary,Dodaballapura,"ESIC(DISEN/BADODD --- Sri Complex 1st Floor Opp. LIC Office D Cross Road, Doddaballapura",False,,,
917,KN,Dispensary,Kn,"Nanjangud - I, ESI Dispensary Complex, Sujatha puram, Near Appolo Circle, Nanjangud - 571 302.",False,,,
918,KN,Dispensary,Kn,"ESD Mallur, No.4134/3591, Maruthi Extension main road, Mallur",False,,,
919,KN,Dispensary,Chitapur,"Wadi, No.22, 17 Junction, Chitapur Taluk, Gulbarga Dist.",False,,,
920,KN,Dispensary,Chitragudha,"Chitradurga, Nehru Nagar, II Cross, II Block, Holalkere Road, Chitradurga.",False,,,
921,KN,Dispensary,Kn,"Fraser Town, Opp. to East Railway Station, Bangalore - 560005",False,,,
922,KN,Dispensary,Anath Kumar,"Basavanagudi, Ground Floor, ESI Building, North Anjaneya Temple Street, Bangalore-560 004",False,,,
923,KN,Dispensary,Kn,"Banashankari, II Cross, Purandarapura Road, Thyagarajanagar Main Road, Banashankari, II Stage, Chennammanakere, Bangalore - 506 028",False,,,
924,KN,Dispensary,Bagalkot,"Thavanappa Kallappa Ravadie Building, Behind Sub-Treasury, Lakshminagar Road, Banahatti, Jamakhandi Taluk, Bagalkot District.",False,,,
925,KN,Dispensary,Mangalore,"Panambur, 1st Main Road, 4th Cross, Opp.Sooraji Factory, Industrial Estate, Bykampady, Mangalore - 575 0011",False,,,
926,KN,Dispensary,Belgaum,"K.S.R.T.C. Belgaum Kactuel galli, kiran chowk, (New Address= Kittor Chennamma circle, horticulture office compound beside ksetc office, belgaum",False,,,
927,KN,Dispensary,Hassan,"Hassan, B.Kattehalli, B.M.Road, Hassan - 573 201",False,,,
928,KN,Dispensary,Hanumantha,"Hanumantha Nagar, No. 19, 10th Cross, 1st Main Road, Srinagar, Bangalore-560 019",False,,,
929,KN,Dispensary,Belgaum,"Peeranwadi, No.1071, IDBI Building, Sadashwara Nagar, Peeranwadi, Belgaum District (New Address=Patil buildi(second floor, Brammanagar, khanapur road, belgaum District)",False,,,
930,KN,Dispensary,Gulbarga,"Sedam, No. 3-5-67, Old Gunj Road, Sedam-585 222, Gulbarga District (New Address=patil complex chincholli cross near old petrol bunk sedam, Gulberga District)",False,,,
931,KN,Dispensary,Kn,"Bannimantap, Near Sri Kanikal Anjaneya Swamy Temple Building, Mysore Road, Bangalore-18",False,,,
932,KN,Dispensary,Gulbarga,"Shahabad Town, KEB Road, Geevargi Road (No 13/378 Shahabad Gulbarga District)",False,,,
933,KN,Dispensary,Kn,"Wilson Garden, Adegodi, Next to Mico Factory, Bangalore Diary circle, Wilson Garden, Bangalore - 560 030.",False,,,
934,KN,Dispensary,Tumkur,"Tumkur, No.106, 1st Main Road, St. Mary's Convent Road, Gandhinagar, Tumkur - 572 102",False,,,
935,KN,Dispensary,S.K Sathish,"Belavadi, Belawadi village, Mysore Taluk,",False,,,
936,KN,Dispensary,Kn,"Subramanyapura, Krishna Weaving Mills Premises, Subramanyapura, Bangalore - 560 061",False,,,
937,KN,Dispensary,Kn,"Russel Market, II, Queen's Road, Bangalore.",False,,,
938,KN,Dispensary,Kn,"ESI DISPENSARY NEAR WOODLAND HOTEL, V Manohar Rao Complex Thekkepete, Udupi 576101",False,,,
939,KN,Dispensary,Bijapur,"Bijapur, Almel House, Station Road, Bijapur.",False,,,
940,KN,Dispensary,Kn,"Rajajinagar - II, No.642, West of Chord Road, 2nd Stage, Basaveswaranagar, Bangalore.",False,,,
941,KN,Dispensary,Gokak,"Administrative Insurance Medical Officer, ESI Dispensary, c/o Ramesh Gangadhar waradhar, Vivekanand Nagar 1st cross/A, Near Basava Jyothi ITI college, Gokak, Dt:- Belgaum-591307",False,,,
942,KN,Dispensary,Kn,"Cottonpet, 2nd Cross, B.T.C.Road, Cottonpet, Bangalore - 560053.",True,justdial.com,"ESI Dispensary, Cottonpet Main Road, Bangalore - Justdial",https://www.justdial.com/Bangalore/ESI-Dispensary-Beside-Laldas-Venkataramna-Temple-Or-Rrevenue-Office-Cottonpet-Main-Road/080P10005_BZDET
943,KN,Dispensary,Hubli,"Hubli - II, Lakshmi Plaza, Commercial Complex, P.B.Road, Hubli - 580 024.",False,,,
944,KN,Dispensary,Bangalore,"Laggere main road, Oppt to Laggere market, peena post, Bangalore-58",False,,,
945,KN,Dispensary,Kn,"Mysore Road, Kanthiramanahalli, Mysore Road, Bangalore - 560026",False,,,
946,KN,Dispensary,Kn,"V.V.Puram, 83 A, 8th Main Road, Vinayaka Nagar, Mysore - 570 012. (New address=V.V.Puram, 40, 3rd main road, Mysore, ph: 821-2512089 )",False,,,
947,KN,Dispensary,Kn,"Konanakunte, Sri Ramamandira Road, Konachonahalli, Bangalore-76.",False,,,
948,KN,Dispensary,Belgaum,"Yermnapura (Indstl), G.K.Industrial Area, Yermanapur (Indstl), Belgaum",False,,,
949,KN,Dispensary,Kn,"Shashadripuram, Sirurpark Road, Shashadripuram, Bangalore - 560 020.",False,,,
950,KN,Dispensary,Dharwad,"Tarihal Industrial Area, Hubli Tq., Dharwar District.",False,,,
951,KN,Dispensary,Kunigal,"Kunigal, No. 1580, Mahaveer Nagar, Opp. Muncipal Park, Tumkur Road, Kunigal",False,,,
952,KN,Dispensary,Kn,"SLN Complex, 1st Floor, Next to Priya Krishnappa Convention Hall, Kengeri",False,,,
953,KN,Dispensary,Kn,"Viveknagar, Viveknagar, Bangalore - 560 047.",False,,,
954,KN,Dispensary,Dharwad,"Belur ESID-2, KIADB Commercial Building, Belur Industrial Area, Dharwad - 580 007.",False,,,
955,KN,Dispensary,Gadag,"Dr. N R Inamdar Building, Behind Vathalya Hospital, Near old NCC office, Masari Extension, Gadag - 582101",False,,,
956,KN,Dispensary,Peenya,"Peenya, No. 107, 3rd Phase, 6th Main Road, Near K.E.A.B. Housing Quarters, Near SRS Power Station, Peenya, Bangalore 560 058",False,,,
957,KN,Dispensary,Kuvempunagar,"Kuvempunagar, M.S.K.Mills, Gulbarga, CIB Colony, Behind Central Bus Stand, Gulbarga-585 103.",False,,,
958,KN,Dispensary,Bangalore,"Lakshmipura main road, Madanayakanahalli, Dasanpura hobli, Bangalore, North-562123",False,,,
959,KN,Dispensary,Dr.Vardharaju,"N.R. Mohalla, Banniimaten Area, N. R.Mohalla, Mysore.",False,,,
960,KN,Dispensary,Yelahanka,"Yelahanka, NO.2001, 4th 'D' Cross, HIG, Yelahanka, Bangalore - 560 064.",False,,,
961,KN,Dispensary,Kn,"Rajajinagar - 1, 13/4, 'A' Block, I Block, II Stage, Rajajinagar, Bangalore - 560 010.",False,,,
962,KN,Dispensary,Kn,"R.T.Nagar, (Munireddypalya) 11th Main Road, I Block, R.T.Nagar, Bangalore - 560 032.",False,,,
963,KN,Dispensary,Sriramapuram,"Srirampuram, 7th Cross, Ramakrishna Sevanagar, Corporation High School Ground, Srirampuram, Bangalore-21.",False,,,
964,KN,Dispensary,Kn,"Morgan's Gate Abayya Building, No 7, Near Jeppu Morgans Gate, Mangalore-1 (New Address=iman Center Morgan Gate Mangalore/iman centre, jeppu klarket road, morgans gate, Mangalore )",False,,,
965,KN,Dispensary,Mysore,"Brindavan Extension, No.9, 1st Stage, Brindavan Extn, Mysore-20",False,,,
966,KN,Dispensary,Kn,"Administrative Insurance Medical Officer, ESI Dispensary, Suvidha Home, Perampalli Road, Behind Amrithi Silks, KUKKALA-576104, Udupi District",False,,,
967,KN,Dispensary,Kn,"White Field, Main Road, White Field, Bangalore-66.",False,,,
968,KN,Dispensary,Mysore,"Mysore Central, Krishnaraja Road, Mysore - 24.",False,,,
969,KN,Dispensary,Mandya,"Belagola, NO.2371, Srirangapattana, KRS. Road Mandya Dt.",True,esic.gov.in,ESIC Dispensaries | Employees' State Insurance Corporation,https://www.esic.gov.in/dispensaries
970,KN,Dispensary,Kn,"C/O Mallesh Prasadh,o,116/A, Shiva Krugal, 6th cross, L.R. Extension Hosakote, Hosakote No. 1307, Thimmegowda Extension, Near Canara Bank, Bangalore District)",False,,,
971,KN,Dispensary,Kn,"Magadi Road, I Cross, Magadi Road, Bangalore 560 023.",False,,,
972,KN,Dispensary,Kn,"N.G.E.F/K.R.Puram III, Krishnarajendra Palya, Behind N.G.E.F., Byappanahalli, Bangalore.",False,,,
973,KN,Dispensary,Dasarahalli,"38/14, Eshwar Rao Compound, 6th Main, Dasarahalli, Bangalore - 73",False,,,
974,KN,Dispensary,Kn,"Maddur, No. D-1-144, Leelavathi Extension, LIC Road, Maddur Town",False,,,
975,KN,Dispensary,Puttur,"Puttur, Bolwar Puttur, D.K. District.",False,,,
976,KN,Dispensary,Nelamangala,"Nelamangala, No. 454, Subhas Nagar, Bangalore District.",False,,,
977,KN,Dispensary,Kn,"Mysore South No 16091, ICMG Cntr, F&T Block, Adichunchanagiri Road, Kuvempunagar, Mysore - 570 023",False,,,
978,KN,Dispensary,Bellary,"ESIC DISPENSARY DOOR NO 18 First floor gandhi nagar/Bellary District Hospital Compound, Bellary",False,,,
979,KN,Dispensary,Yeshwanthpur,"Yeshwanthapura, Opp. to Mysore Lamps Works, Malleswaram West, Bangalore - 560 055.",False,,,
980,KN,Dispensary,Belgaum,"Anantawadi (Shahapur), Corporation Building, Gpp. - Ves., Belgaum - 3.",False,,,
981,KN,Dispensary,Jalahali,"Jalahalli No. 363, Marunethe Nilaya, MES Road, Near Siddarth Clinic, Bangalore - 560 031. (New Address:No:324, 6th 'A' Cross, Anjanappa Building, Shehabhullanapara, Jalahalli Village, Bangalore-560013 Land Mark: Behind Government School Jalahalli village, HMTvale Circle)",False,,,
982,KN,Dispensary,Dr.Yogtanad,"Channapatna, Thottakere, Channapatna Bangalore Rural District, Channapatna - 571501",False,,,
983,KN,Dispensary,Bellary,"T.B.Dam, Dr. Ambedkar nagar, Venke Camp Dam Road, T.B. Dam Bellary District, Bellary.",False,,,
984,KN,Dispensary,Kn,"K.R. Puram - I Near Bus Stand, Devasani Nagara, Bangalore,",False,,,
985,KN,Dispensary,Manipal,"Manipal Dispensary near KMC hospital Industrial area Udupi, Manipal Post, Manipal-575 119(New Address=ESI Manipal Dispensary, District small industries association, building Plot No:35-c(a), shivally Industrial Area, Alevoor road, Manipal-576104,karnataka )",False,,,
986,KN,Dispensary,Ulsoor,"Ulsoor, Cambridge Layout, Ulsoor, Bangalore - 560 008.",False,,,
987,KN,Dispensary,Kn,"Vishwaneedam, Kamakshi Palya, Vishwaneedam Post, Bangalore-79",False,,,
988,KN,Dispensary,Kn,"Door No:18, 17th Cross, Ginny Layout, Govindhajanagara, Bengaluru - 560 040.",False,,,
989,KN,Dispensary,Hunsur,"Hunsur, No.2617, Court Road, Hunsur, Mysore District, Mysore-571 105.(New address=1803/27 B,Ramul house, hotel gokul road, hunsur,mysore district)",False,,,
990,KN,Dispensary,Raichur,"Raichur, Sree Hotel Complex, No.11-09-13, Patel Road, Raichur - 584 101.",False,,,
991,KN,Dispensary,Karangalpadi,"ESI Hospital compound, Kadri, Shivabag, Mangalore - 3/(Karangalpadi, Medical care centre, Bejai church Road, Karangalpadi Mangalore-3)",False,,,
992,KN,Dispensary,Ashoknagar,"T 1601, Murali Nilaya, Ganesha Temple Road, Vinayanagar, Mandya-571401",False,,,
993,KN,Dispensary,Kn,"Jigani KIADB Quarters, KIADB Industrial Area, Anekal Road, JIGANI - 562 106, ANEKAL TALUK(Shifted to New Building that is Next to the old building dispensary isin the Ground Floor)",False,,,
994,KN,Dispensary,Dr.Shylaja,"Roopena Agrahara 2, 1st cross, NBR Layout, opp. To Reddy School, Bangalore - 560 068",False,,,
995,KN,Dispensary,Kn,"Old Address: Kundapura, Jhansi Rani Lakshmi Bai Road, Ambedkar Nagar, Kundapura - 576 201, Udupi Dist New Address: E.S.I. DISPENSARY, ""SAMRUDHYA"" DHOOPADAKATTE TEMPLE ROAD, KUNDAPURA",False,,,
996,KN,Dispensary,Harihar,"Harihara, No. 70, 2nd Cross, Gandhinagar, Harihara - 577 601,",True,justdial.com,"Esi Dispensary Harihar, Gandhi Nagar, Harihar - Justdial",https://www.justdial.com/Harihar/Esi-Dispensary-Harihar-Gandhi-Nagar/9999P8192-8192-230111193327-L9D6_BZDET
997,KN,Dispensary,Dr.Vikram,"Attibele, ADB Complex Building, Attibele Industrial Area, Hosur Road, Bangalore-562 107.",False,,,
998,KN,Dispensary,Kn,"Bommasandra Industrial Area, Bommasandra, Anekal Taluk, Bangalore District",False,,,
999,KN,Dispensary,Dyavasandra,"Dyavasandra, Doddanakundi Industrial Estate, Near Capsteel Plant, Whitefield Road, Bangalore 560 048.",False,,,
1000,KN,Dispensary,Kn,"Jayanagar, 31st, Cross, 4th 'T' Block, Jayanagar, Bangalore.",False,,,
1001,KN,Dispensary,Kn,"Marathahalli, H.A.L. New Township, Marathahalli, Bangalore - 560037.",False,,,
1002,KN,Dispensary,Farooq Ahmed,"Ramanagara, No.2378/4, Ijar Extn., Next to Shaan Theatre, Ramanagara, Bangalore Rural District.",False,,,
1003,KN,Dispensary,Singasandra,"Singasandra No.47, Opp. to R.H.C., Singasandra Village, Bangalore - 560068.",False,,,
1004,KN,Dispensary,Belgaum,"Near Shama Noth Cloth stores, Konnur village, Gokak Taluk",False,,,
1005,KN,Dispensary,Belgaum,"Udyambagh, Plot No. 502, Angolarm, Bhavasagar, Belgaum.",False,,,
1006,KN,Dispensary,Bhadravathi,"Bhadravathi, Vijaya Nilaya, 8th Cross, B.H. Road, Opp. Shankar Talkies, Bhadravathi.",False,,,
1007,KN,Dispensary,Davangere,"Davangere City, 13th Cross, Devaraj Urs Layout, 'B' Block, Davangere - 577 006, Davangere District.",False,,,
1008,KN,Dispensary,Davangere,"K.B. Extension, E.S.I.Hospital Compound, Nittuvalli Extension, Davangere - 577 002. (New Address:New Address: ESI dispensary Davangere near Jantha Bazaar, beside family court opp high school field Davangere - 577 002",False,,,
1009,KN,Dispensary,Dharwad,"Dharwad, No. 1169, Navajeevan, Station Road, Saraswathi Puram, Dharwar-580101.",False,,,
1010,KN,Dispensary,Gadag,"Hulkote, Kadhli Gramodyoga Ltd., Building, Gadag District.",False,,,
1011,KN,Dispensary,Manglore,"No. 2-21-1 1st Floor, Silver Gate, Kulshekar, Mangalore 4",False,,,
1012,KN,Dispensary,Gulbarga,"Malkhed, No 11-58 Government High School, Malkhed, Sedam Taluk, Gulbarga District",False,,,
1013,KN,Dispensary,Bangalore,"First Floor, KV Lounge, Devanahalli, Old Bus Stand, Devanahalli, Bangalore 562110",False,,,
1014,KN,Dispensary,Kn,"Behind Bidadi Police Station, No. 702, Bidadi - 562 109",False,,,
1015,KN,Dispensary,Bagalkot,"Bagalkot, Muchakhandi Road, Bagalkot District.",False,,,
1016,KN,Dispensary,Kn,"Robertsonpet, District Hospital, K.G.F-563122",False,,,
1017,KN,Dispensary,Shimogga,"N.T Road, Shimogga",False,,,
1018,KN,Dispensary,Shimogga,"Sagar Road, Vinob Nagar, Shimogga",False,,,
1019,KN,Dispensary,Koppal,"Union Bank, Koppal",False,,,
1020,KN,Dispensary,Hubli,"Plot 14, Gokul road, Industrial Area, Near new bus stand Hubli - 580030",False,,,
1021,KN,Dispensary,Hubli,"ESI Dispensary plot no: 302, varur, Hubli-581207",False,,,
1022,KN,Dispensary,Dandeli,"ESI Dispensary, ESI Hospital Premises, J.N. Road, Dandeli-581325",False,,,
1023,KN,Branch Office,Gulbarga,"SHAHABAD, Branch Office, E.S.I Corporation, No. 12/168/4, Kusnoor Road, Opposite to Supernt.Of Police-Shahabad-585 228(New Address: H. No. 15/64, Laxmi Nagar, near vrandawan Dham, Shahabad, District:Gulbarga, Karnataka 585228, Contact no:08465-246234",True,justdial.com,"Employees State Insurance Corporation, Shahabad Gulbarga, Gulbarga ...",https://www.justdial.com/Gulbarga/Employees-State-Insurance-Corporation-Opposite-Deputy-Superindent-Of-Police-Office-Shahabad-Gulbarga/9999PMULBLRSTD1008955_BZDET
1024,KN,Branch Office,Kn,"Plot No 8-1-484/55, Laxmi Narayana Krupa, Near Water Tank, marakilla Nagar, Gadag Road, Koppal",False,,,
1025,KN,Branch Office,Kn,"Branch Office, 2nd Floor, ESI Dispensary Upstairs, U.R. Rao Complex, Thekkepete, Udupi-576101.",False,,,
1026,KN,Branch Office,Bijapur,"BIJAPUR, Branch Office, E.S.I Corporation, 197/A, Behind Alimati House, Station Road, Bijapur-586 101",False,,,
1027,KN,Branch Office,Gokak,"BRANCH OFFICE, E.S.I. CORPORATION, CTS NO:3200/A-15, KOULALAGI BUILDING, BUS STAND ROAD GOKAK, BELGAVI, PIN CODE - 591307",False,,,
1028,KN,Branch Office,Venkatachalapathy,"Basavanagudi, Ground Floor, ESI Building, North Anjaneya Temple Street, Bangalore-560 004",False,,,
1029,KN,Branch Office,Mangalore,"BO, Mangalore, ESIM Premises, Kadri Shivabagh, Mangalore",False,,,
1030,KN,Branch Office,Davangere,"DAVANGERE Branch Manager, Branch Office, ESI Corporation, No.628/30, Near Shivayogi Mandir, Nittuvalli Road, K.B.Extension, Davanagere-577 002",False,,,
1031,KN,Branch Office,Harihar,"HARIHAR (Gandhinagar) Branch Manager, Branch Office, ESI Corporation, No.70, 1st Floor, ESI Dispensary Bldg., Gandhinagar, Harihar-577 601.",False,,,
1032,KN,Branch Office,M.Kalaivannan,"Queens Road, No. 13, 1st Floor, Opp Sanjivani, Queens Road, Bangalore",False,,,
1033,KN,Branch Office,Mysore,"Mysore (D.R.Mohalla), ESID Bldg. Krishnavilas Road, Mysore",False,,,
1034,KN,Branch Office,Hassan,"Hasan, Plot no 38-39, B.Kattehally Industrial Area, Arasikere road, hasan 573201",False,,,
1035,KN,Branch Office,Bangalore,"Seshadripuram, 2nd Floor, ESID Bldg. Sirur Park Road, Seshadripuram, Bangalore",False,,,
1036,KN,Branch Office,Bangalore,"H.A.L. Township, No.9, Apprentice School, HAL Colony, Bangalore",False,,,
1037,KN,Branch Office,Dharwad,"DHARWAR Branch Manager, Branch Office, ESI Corporation, Near Hubli Toll Naka, Saraswathipuram, Dharwar-580 002",False,,,
1038,KN,Branch Office,Gulbarga,"GULBARGA, Branch Office, E.S.I Corporation, C.I.B Colony, Behind Central Bus Stand, Gulbarga-585 103.",False,,,
1039,KN,Branch Office,Peenya,"Peenya - 1, 107, 6th main Road, near SBM, 3rd phase, Peenya",False,,,
1040,KN,Branch Office,Channapatna,"First Floor, ESIC Dispensary Channapatna, Thottakere, Channapatna Bangalore Rural District, Channapatna - 571501.",False,,,
1041,KN,Branch Office,Bommasandra,"Bommasandra, No. 14/4A, Bommasandra Industrial Area,",False,,,
1042,KN,Branch Office,Yelahanka,"Yelahanka, Branch Office, Branch manager esi corporation no 19/12/1a/1447/1a, Behind yelhanka police station, Yelhanka, bangalore 560064",False,,,
1043,KN,Branch Office,Chitradurga,"CHITRADURGA, 1st floor, Sri Gangadhariah building, 4th Cross, Holalkere RD, Opposite Savita Bhavan, Chitradurga 577 501",False,,,
1044,KN,Branch Office,Malleswaram,"Malleswaram, Opp. Mysore Lamps, Malleswaram, Bangalore",False,,,
1045,KN,Branch Office,Tumkur,"Tumkur, No. 1293, I Floor, M.G. Road, Tumkur - 572 101. (Tumkur No.75/78, 4th Cross, Kasturba Road, Opp: Inspection Bunglow, Near Railway Station, Gandhinagar), New Address: ESI Branch Office, Tumkur 'Sumukhi' (1st Floor) 3rd Cross, Opp: Gandhinagar Park, Tumkur-572102",False,,,
1046,KN,Branch Office,Kgf,"KGF Branch Manager, Branch Office, 08153-261012 ESI Corporation, Qtrs. No. 273/274, BEML Nagar, KGF(Kolar Dist.).",False,,,
1047,KN,Branch Office,Mangalore,"Plot 5, 1st main road, 4th cross, Industrial Area, New mangalore-575011",False,,,
1048,KN,Branch Office,Nanjangud,"Nanjangud, Mysore-Ooty Road, Sujathapuram, Nanjangud",False,,,
1049,KN,Branch Office,Mysore,"Mysore (Subashnagar), Bademakhan extension, Bangalore-Mysore Road, Mysore",False,,,
1050,KN,Branch Office,Shimoga,"M Goudha building, No. 45/457-506, Shankanmath Road, Shivamogga-577 201",True,srohubballi.esic.gov.in,"Branch Office | Employee's State Insurance Corporation, Ministry ... - ESIC",https://srohubballi.esic.gov.in/branchs/rosro_index
1051,KN,Branch Office,Dandeli,"DANDELI Branch Manager, Branch Office, ESI Corporation, Plot No. 304, 1st Floor, J.N. Road, Dandeli, Dist. Uttara Kannada (New Address- DANDELI Medical Superintendent, ESI Hospital, Dandeli, DIST. UTTAR KANNADA.)",False,,,
1052,KN,Branch Office,Belgaum,"BELGAUM Branch Manager, Branch Office, ESI Corporation, No. 776/1, Kangrali Industrial Area, P.B.Road, Belgaum 10.",False,,,
1053,KN,Branch Office,Bangalore,"Bannerghatta Road, Next to Marble Centre International, Adegodi, Bangalore",False,,,
1054,KN,Branch Office,Bangalore,"Magadi Road, ESIC Bldg, 1st Cross, Magadi Road, Bangalore",False,,,
1055,KN,Branch Office,Bellary,"BELLARY, ESIC Building No:7 Mfg Building Md Colony, Cantonment PIN: 583 104",False,,,
1056,KN,Branch Office,Bangalore,"Majestic, 1st Floor, ESIC Bldg, 2nd Cross, OTC Road, Bangalore",False,,,
1057,KN,Branch Office,Hubli,"HUBLI Branch Manager, Branch Office, ESI Corporation, No.4- 42, Ground Floor, Niketan Dollars Colony, Adjoining New Central Bus Stand, Gokul Road, Hubli 580 030.",False,,,
1058,KN,Branch Office,Dasarahalli,"Yeshwanthpur, No.12, II Floor, 1st Cross, 2nd Main, VRL Complex, Kannada Kasturi Road, T.Dasarahalli, Bangalore",False,,,
1059,KN,Branch Office,Peenya,"Peenya-2, VITC Export bhavan, First Floor, no 488-B, 14th cross, Peenya 2nd Stage, 4th Phase, Peenya Indus Area, Bangalore",False,,,
1060,KN,Branch Office,Gadag,"Branch office (Gadag), ESI Corporation, Chetana circle, K C Rani Road, Gadag - 582 101",False,,,
1061,KN,Branch Office,Mysore,"Mysore Road, 1st Floor, ESI Disp. Bldg, Kasturbanagar, Mysore Road, Bangalore",False,,,
1062,KN,Branch Office,Bangalore,"Rajajinagar, 24/4, 1st Floor, 4 Block, 1st Main Road, 2nd Stage, Rajajinagar, Bangalore",False,,,
1063,KN,Branch Office,Bangalore,"N.G.E.F., NGEF Premises, Old Madras Road, Bangalore",False,,,
1064,KN,Branch Office,Toranagallu,"Branch Office Toranagallu, No.F-7, S. G. Square, Shankar Mill Town, M/s. JSW Steel Ltd., Toranagallu - 583123, Bellary District, Karnataka",False,,,
1065,KN,Branch Office,Shimoga,"Smt. Kalyani Durai Building No.: 520/577, First Floor, Malappa Circle, BH Road, Bhadravathi, Dist - Shimogga 577301",False,,,
1076,Maharashtra,Hospital,Mumbai,"ESI corporation MGM Hospital Complex, S.S.Rao Road Parel, Mumbai.",False,,,
1077,Maharashtra,Hospital,Mumbai,"Worli Hospital Building, AMO Office, 3rd Floor, ESIS Hospital, Dr. Annie Besant Road, Worli Naka, Worli",False,,,
1078,Maharashtra,Hospital,Mumbai,"ESIS Hospital Worli, Dr Annie Besant Road, Worli, Mumbai",False,,,
1079,Maharashtra,Hospital,Mumbai,"ESIS Hospital, Near Thakur Village, Kandivali (E) Mumbai.",False,,,
1080,Maharashtra,Hospital,Pune,"Administrative Medical officer, ESIS WMR Survey No 6/90, Panchdeep Bhavan, Ground Floor Bibvewadi Pune-37.",False,,,
1081,Maharashtra,Hospital,Pune,"Hospital, Medical Superintendant: 020-7462514, ESI Hospital cum ODC 020-7462486, Block D-3 Survey S.No 180, Plot NO. 9,10,11 Mohan Nagar, Chichwad, Pune-411019",False,,,
1082,Maharashtra,Hospital,Solapur,"Hotgi Road, Near Vikas nagar Solapur",False,,,
1083,Maharashtra,Hospital,Aurangabad,"Plot no-16, MIDC, Chikalthana, Aurangabad",False,,,
1084,Maharashtra,Hospital,Nagpur,"SOMWARIPETH NAGPUR, Medical Superintendent, ESI Hospital, Opp. Name Hostel, Manewada road, Somwaripeth, Nagpur-440009",False,,,
1085,Maharashtra,Hospital,Mumbai,"ESIS Hospital, Mulund, L.B.S Marg Mulund (W) Mumbai.",False,,,
1086,Maharashtra,Hospital,Mumbai,"ESIS Ulhasnagar Hospital,",False,,,
1087,Maharashtra,Hospital,Mumbai,"ESIS Hospital Vashi, Sector-5, Navi Mumbai, Dist. Thane",True,asklaila.com,"ESIS Hospital in Vashi, Mumbai | 3 people Reviewed - AskLaila",https://www.asklaila.com/listing/Mumbai/vashi/esis-hospital/1eJyzW5Q/
1088,Maharashtra,Hospital,Mumbai,"Glad, 1st & 2nd Floor, ESIS Hospital Complex, Wagle Estate, Road no. 33, Thane (W), Mumbai",False,,,
1089,Maharashtra,Hospital,Nasik,"ESI Hospital, Tribak Road, Satpur, Nasik 422007",False,,,
1090,Maharashtra,Hospital,Mumbai,"ESIC Model Hospital Cum ODC And PGIMSR, Central Road, MIDC Andheri, Near Andheri MIDC Police Station, Andheri (E), Mumbai-93",False,,,
1091,Maharashtra,Hospital,Kolhapur,"ESI Hospital KolhaPur, Behind Circuit Home, Tarabai Park, Kolhapur-416003",False,,,
1092,Maharashtra,Dispensary,Mumbai,"ESI Sion Dispensary, 202 Royal Apartment, 2nd Floor, Bhau Daji Road, Matunga, Opp north, Indian Association Hall, Behind Sion hospital, Sion West",False,,,
1093,Maharashtra,Dispensary,Mumbai,"Dispensary Kandivali E.S.I Corporation, Type II/A Flat No.3, Behind Resh Ras Depo, Thanari Road, Kandivali East Mumbai - 400101",False,,,
1094,Maharashtra,Dispensary,Mumbai,"Vile Parle Dispensary, Near Nanavati Hospital, Sarojiniraza road, Vile Parle (W)",False,,,
1095,Maharashtra,Dispensary,Kolhapur,"Nagina Park, 448 Saharas bldg, Nagla Park Kolhapur",False,,,
1096,Maharashtra,Dispensary,Kolhapur,"ESI Hospital Premises, Behind Circuit House, Tarabai Park Kolhapur",False,,,
1097,Maharashtra,Dispensary,Pune,"Esic Dispensary, Radage Building, Survey No. 2 61/62 Gadital hadpsar Pune 28",False,,,
1098,Maharashtra,Dispensary,Pune,"Esic Dispensary, Bavane estate, Near Thane sonkal bank, undewadi, bhesary 39",False,,,
1099,Maharashtra,Dispensary,Satara,"Old Civil Hospital, Satara",False,,,
1100,Maharashtra,Dispensary,Sangli,"Dispensary, ESIC, Rajwada Chowk, Sangli",False,,,
1101,Maharashtra,Dispensary,Solapur,"159/160, Laxmi peth Solapur",False,,,
1102,Maharashtra,Dispensary,Miraj,"Near kueur Hospital Apte Bakery, Railway Station Road Miraj",False,,,
1103,Maharashtra,Dispensary,Ichalkaranji,"INDUSTRIES STATE, ICHALKARANJI 416115, (DIST. KOHLAPUR)",False,,,
1104,Maharashtra,Dispensary,Barshi,"Jawahar Hospital compound, 1st Floor, Priyadarshani Maternity Hall, Barshi",False,,,
1105,Maharashtra,Dispensary,Aurangabad,"ESIS Dispensary no. 4, Near S.T. Workshop, Chikalthana, Aurangabad",False,,,
1106,Maharashtra,Dispensary,Aurangabad,"ESIS Dispensary no. 6, Near Mayuri Hoptal, Jalgaon road, N-11, Hadco, Aurangabad",False,,,
1107,Maharashtra,Dispensary,Aurangabad,"ESIS Dispensary no. 2, Khadkeshwar road, Mill Corner, Aurangabad - 431001",False,,,
1108,Maharashtra,Dispensary,Aurangabad,"ESIS Dispensary no. 1, Mahaveer Complex, Maharana Pratap Chowk, Bajaj nagar, Waluj, Aurangabad",False,,,
1109,Maharashtra,Dispensary,Dhule,Pratham building near church station road Dhule /424001,False,,,
1110,Maharashtra,Dispensary,Jalgaon,"ESIS Dispensary Amalner, P. Hasmaji Premji Shopping centre, opp. Mangalmurthi Patpedhi First floor, Amalner-425401",False,,,
1111,Maharashtra,Dispensary,Jalgaon,ESIS BHADGAON ROAD OPPOSIT. WANI MANGAL KARYALA INDUS BANK 1ST FLOOR CHALISGAON-DHULE 424101,False,,,
1112,Maharashtra,Dispensary,Jalgaon,"ESIS Dispensary No. 2, 20, Satgara Nagar, Near Tirupati Corner, Behind Ram Palace, Jalgaon-425003",False,,,
1113,Maharashtra,Dispensary,Jalgaon,"ESIS Dispensary No. 1, Plot No.3, Heera kamal, Opposite civil court Jilhapeth Jalgaon 425001",False,,,
1114,Maharashtra,Dispensary,Nanded,"Nanded, No 1 Dispensary, Dhanpalwar building, MID No.1, Cidco nanded 431601",True,nta.esic.gov.in,ESIC Dispensaries | Employees' State Insurance Corporation,https://nta.esic.gov.in/dispensaries
1115,Maharashtra,Dispensary,Nanded,"No.2 Dispensary, Narayanrao pandurangrao chennewar, building no 2-9/215, Somesh colone behind kailas mandir Nanded-431601",False,,,
1116,Maharashtra,Dispensary,Akola,"SHRI K K Baghel's BUILDING, Shanti Niwas Station Road, Ramdas Peth, Akola.",False,,,
1117,Maharashtra,Dispensary,Amravati,ESIS Dispensary Dr. Mudliyar Compound Khaparde garden Kalantri building Amravati,False,,,
1118,Maharashtra,Dispensary,Chandrapur,"ESIS Chandrapur Dispensary Ramnagar Civil line Vasekar Layout Chandrapur, ramnagar",False,,,
1119,Maharashtra,Dispensary,Nagpur,ESIS Butibori Dispensary Mr. Isuf Saban Shaikh ward no. 2 Juni Vasahat Butibori Nagpur,False,,,
1120,Maharashtra,Dispensary,Nagpur,ESIS New Subhedar Dispensary Dattatray Nagar C/o Plot No. 162 Rashid Khan Near NIT Garden Nagpur,False,,,
1121,Maharashtra,Dispensary,Nagpur,ESIS Bagadganj Dispensary Juna Bagadganj Garoba Maidan Dance building plot no. 68 Nagpur,False,,,
1122,Maharashtra,Dispensary,Nagpur,"135 A, Sharma Building, Opposite Mata Mandir, Gokulpeth Nagpur",False,,,
1123,Maharashtra,Dispensary,Nagpur,"IMO Shri Mudliyar's building, Gaddi Godam Chowk, Kamptee Road, Nagpur",False,,,
1124,Maharashtra,Dispensary,Hinganghat,ESIS Niparghat Dispensary C/o Dr. Abhay Mude Near Lakshmi Talkies Shivaji Ward Tahsil Kacheri Road Hinganghat-Nagpur,False,,,
1125,Maharashtra,Dispensary,Nagpur,ESIS Dispensary Sandeep Kashyap near Hockey building Korwanta Road Kamatee Nagpur,False,,,
1126,Maharashtra,Dispensary,Nagpur,ESIS Disp. Wanadongari C/o Narendra Pachpor Plot No. 7 Rani Treading Company Toll Tax Wanadongari Hingana Road Nagpur,False,,,
1127,Maharashtra,Dispensary,Nagpur,ESIS Somwari Peth Dispensary Nursing Hostel Building opp. ESIS Hospital Manewada Road Nagpur,False,,,
1128,Maharashtra,Dispensary,Nagpur,Higna Road Common Serive Center M.I.D.C Road Higna road Nagpur,False,,,
1129,Maharashtra,Dispensary,Nagpur,ESIS Dispensary Shri Jaiswal building Kamal Chawk Pachpaoli Nagpur,False,,,
1130,Maharashtra,Dispensary,Nagpur,ESIS Medical officer's Ganesh Peth Vidharbha Bazar Nagpur 18,False,,,
1131,Maharashtra,Dispensary,Nagpur,"C/o Mrs. Kaushalya Chintaman Mankar, House no. 3172, Plot no. 16, Near Durga Mandir, Amravati Road, Wadi, Nagpur - 440023",False,,,
1132,Maharashtra,Dispensary,Nagpur,ESIS Central Store Immamwada Near Ganesh Peth Nagpur 4400008,False,,,
1133,Maharashtra,Dispensary,Mumbai,"ESIS Dispensary Mulund, L.B.S Marg Mulund (W) Mumbai.",False,,,
1134,Maharashtra,Dispensary,Mumbai,"ESIS Specialist Center, Masjid Wara Building, Nr. Pahare Nursery, Dr. Ambedkar Road, Kalyan (West)",False,,,
1135,Maharashtra,Dispensary,Nasik,ESIS Dispensary HOSPITAL COMPLEX SATPUR,True,sronashik.esic.gov.in,Dispensary Cum Branch Office | Employee's State Insurance ... - ESIC,https://sronashik.esic.gov.in/dispensaries/rosro_index
1136,Maharashtra,Dispensary,Nasik,"Esic Dispensary, Cidco N-32/F-1 sector, saptashringi chowk, lekha nagar cidco nasik-422009.",False,,,
1137,Maharashtra,Dispensary,Nasik,"Esic Dispensary Ambad, CTC building midc area Ambad Nasik-10",False,,,
1138,Maharashtra,Dispensary,Nasik,"Esic Dispensary, Nasik Road 1st floor Administrative Building nasik municiple corporation, nasik road 422101",False,,,
1139,Maharashtra,Dispensary,Nasik,"Esic Dispensary, Karda Belata bhavan Dwarka, Nasik",False,,,
1140,Maharashtra,Dispensary,Maharashtra,"Service Dispensary Boindi, House No.381/1244 shrikrupa Apartment, Temghar 3, pipeline naka, Kalyan Road, Boivandi.",False,,,
1141,Maharashtra,Dispensary,Pune,"DISPENSARY, CHINCHWAD, EMPLOYEES STATE INSURANCE CORPORATION, C 4, NEAR JAI HIND PETROL PUMP, MUMBAI PUNE HIGH-WAY, CHINCHWAD, PUNE 411019",False,,,
1142,Maharashtra,Dispensary,Waluj,"Plot no P/73, Opp Tirupati Hospital, Mahavir chowk, MIDC, Waluj, Aurangabad, Maharashtra 431136",False,,,
1143,Maharashtra,Dispensary,Ulhasnagar,"ESIS Dispensary Ulhasnagar, ESIS Hospital Complex, Near Central Hospital, Camp No-3, Ulhasnagar, Dist: Thane",False,,,
1144,Maharashtra,Dispensary,Vashi,"ESIS Dispensary Vashi, ESIS Hospital Complex, Sector-5, Vashi, Navi Mumbai, Dist: Thane",False,,,
1145,Maharashtra,Dispensary,Kolhapur,"1827/B, A-Ward, Opp. Tarabai Talim Mandal, Tarabai Park, Kolhapur.",False,,,
1146,Maharashtra,Branch Office,Mumbai,Dadar + Naigaon Branch ESIC Corporation Mukund Co-op Hosing Society Ltd.Senapati Bapat Marg Mumbai,False,,,
1147,Maharashtra,Branch Office,Mumbai,"1st Floor, Mazgaon Telephone Exchange Bldg. Love Lane, Mazgaon, Mumbai- 10",False,,,
1148,Maharashtra,Branch Office,Mumbai,"BO Colaba, ESI Corporation, 4th Floor, Panchdeep Bhawan, Plot No. 4, Shahid Bhagat Singh Road, Opp. Kailash Parbat Hotel, Colaba, Mumbai-400005",False,,,
1149,Maharashtra,Branch Office,Mumbai,"Dadar Branch, ESI Corporation, Sharadashram, Bhavani Shankar Road, Dadar, Mumbai",False,,,
1150,Maharashtra,Branch Office,Mumbai,"Delisle Road Branch, 5G & 6G, Thakker Industrial Estate, N.M.Joshi Marg, Delisle Road, Mumbai.",False,,,
1151,Maharashtra,Branch Office,Mumbai,"'VISION HOUSE', 14-D, Karla Industrial Estate, Off LBS Marg, Narayan Nagar, Ghatkopar (West), Mumbai - 400086",False,,,
1152,Maharashtra,Branch Office,Mumbai,"ESI Corporation, Panchdeep Bhavan, Ground Floor, 108, N M Joshi Marg, Lower Parel, Mumbai",False,,,
1153,Maharashtra,Branch Office,Mumbai,"Kurla Branch, ESI Corporation, Gala no 206, 2nd floor Dhanji Shamji complex, 9 LBS Marg Kurla (W) Mumbai",False,,,
1154,Maharashtra,Branch Office,Mumbai,"Lalbaugh Branch, 5G & 6G, Thakker Industrial Estate, N.M.Joshi Marg, Delisle Road, Mumbai",False,,,
1155,Maharashtra,Branch Office,Mumbai,"126/129, Shivaji Nagar, Near Dawla Masjid, N. M. Joshi Marg, Delisle Road, Mumbai",False,,,
1156,Maharashtra,Branch Office,Mumbai,"Marol Branch, ESI corporation, Dhiraj Snah building 1st floor, 36th road pali naka Bandra (W) mumbai.",False,,,
1157,Maharashtra,Branch Office,Mumbai,"Parel Branch, ESI Corporation MGM Hospital complex, S.S.Rau Road, Parel, Mumbai.",False,,,
1158,Maharashtra,Branch Office,Mumbai,"Matunga Telephone Exchange, 2nd Floor, Kings Circle, Matunga (East), Mumbai - 400 019.",False,,,
1159,Maharashtra,Branch Office,Mumbai,"Godrej Branch, ESI corporation, 2-3/106, phiroj shah nagar Godrej colony vikroli (E) Mumbai.",False,,,
1160,Maharashtra,Branch Office,Mumbai,"Worli Branch, ESI corporation, Auri House, Dr annie Besent Road, Worli naka, mumbai.",False,,,
1161,Maharashtra,Branch Office,Mumbai,"Sakinaka Panchdeep Bhavan, ESI Corporation, plot No 9 Road No 7, MIDC Marol Andheri East Mumbai 93.",False,,,
1162,Maharashtra,Branch Office,Mumbai,"Andheri, ESIC, Panchdeep Bhavan, Plot No 7, Road no. 7, M.I.D.C, Marol, Andheri (East), Mumbai",True,justdial.com,"Esic Insurance Office in Andheri East, Mumbai near me - Justdial",https://www.justdial.com/Mumbai/ESIC-Insurance-Office-in-Andheri-East/nct-10192123
1163,Maharashtra,Branch Office,Mumbai,"Type IV-A, Flat No 1, Ground Floor, ESIS Hospital Staff Quarters, Akurli Road, Kandivali (East) Mumbai-400101",False,,,
1164,Maharashtra,Branch Office,Mumbai,"Goregaon, ESIC, 10 Jawahar Nagar S.V.Road Goregaon(W) Mumbai-400062",False,,,
1165,Maharashtra,Branch Office,Mumbai,"Irla, ESIC Corporation, 14/256, ESIC Nagar, New Link Road, Andheri (West), Mumbai",False,,,
1166,Maharashtra,Branch Office,Mumbai,"ESIC, 10 Jawahar Nagar S.V.Road Goregaon(W) Mumbai-400062",False,,,
1167,Maharashtra,Branch Office,Mumbai,"Type IV-A, Flat No 1, Ground Floor, ESIS Hospital Staff Quarters, Akurli Road, Kandivali (East) Mumbai-400101",False,,,
1168,Maharashtra,Branch Office,Mumbai,"First Floor Panchdeep Bhavan, ESI Corporation, plot No 9 Road No 7, MIDC Marol Andheri East Mumbai 93.",False,,,
1169,Maharashtra,Branch Office,Maharashtra,"ESIC BO, Row House No. A-6, New jeevan shanti co-operative society, plot no. 3 & 4, sector-3, opp. Airoli railway station (thane end), Thane",True,esic.gov.in,Branch Offices( BO) | Employee's State Insurance Corporation ... - ESIC,https://www.esic.gov.in/maharashtra
1170,Maharashtra,Branch Office,Mumbai,Mira Road ESIC Shanti Nagar Building NO. A-3 Flat no. 101 Sector-2 Mira Road Thane - 401107,False,,,
1171,Maharashtra,Branch Office,Mumbai,"12/15, Nirav Co. Op. hsg. Society, Near Katusa Niwas, Near Bank Office, Anand Nagar, Vasai (West) Palghar 401202",False,,,
1172,Maharashtra,Branch Office,Kolhapur,"esis hospital premises, old Circuit house kolhapur",False,,,
1173,Maharashtra,Branch Office,Pune,"Akurdi RD, Survey No 130/9, Mohan Nagar Chinchwad, Pune",False,,,
1174,Maharashtra,Branch Office,Pune,"Survey No. 202/5K/2, Pharande Chambers, First Floor, Nr. Om Hospital, Alandi Road, Bhosari, Pune - 411039",False,,,
1175,Maharashtra,Branch Office,Pune,"689 MID Panchdeep Bhavan, Bibvewadi, Pune",False,,,
1176,Maharashtra,Branch Office,Pune,"Plot No. C/4 Mumbai Pune Highway, Near Jawahar Petrol Pump, Chinchwad, Pune-411 019",False,,,
1177,Maharashtra,Branch Office,Pune,"Plot No 25, Survey No 314 A, Opp Indian Hume Pipe, Hadapsar, Pune",False,,,
1178,Maharashtra,Branch Office,Pune,"L K Peth, Dhapodi, Khadki, PARVATI SOCCITY PUNE",False,,,
1179,Maharashtra,Branch Office,Pune,"Electronic sadan, Karmachari bima rajanigam, Sr no.-681/A, landewadi, bhosari Pune - 411026",False,,,
1180,Maharashtra,Branch Office,Pune,"Near Parmar Hospital, Mahatma Gandhi Road Lonavala 410401",False,,,
1181,Maharashtra,Branch Office,Pune,"Maharashtra Commercial House, OPP KSB pumps, Old Mumbai Pune highway Pimpri Pune",False,,,
1182,Maharashtra,Branch Office,Pune,"OPP Income Tax office, PMT commerical Building, Swargate Pune",False,,,
1183,Maharashtra,Branch Office,Pune,"CTS No. 2412-1413, J.J. Chambers, (Old Chitra Talkies) Nagar Road, Yerwada,",False,,,
1184,Maharashtra,Branch Office,Satara,"ESIC, S. No.311/20/21 B, ""Kanchan Apartment"" Radhika Road, Next to Radhika Hotel, SATARA-415 002",False,,,
1185,Maharashtra,Branch Office,Sangli,"BO, ESIC, Rajawada Chowk, Sangli",False,,,
1186,Maharashtra,Branch Office,Solapur,"159-160, Laxmi Peth, Damani Nagar, SOLAPUR-413 001.",False,,,
1187,Maharashtra,Branch Office,Solapur,"Block 12/13, Asara Housing Society, Hotgi Road, Solapur-413003 (New Address-BO Solapur, Ashra 4/1/12 GajrajNagar Hoogiroad Solapur)",False,,,
1188,Maharashtra,Branch Office,Solapur,"94/1, Siddheshwar Peth, Near Raje Phaltan Chowky, Solapur",False,,,
1189,Maharashtra,Branch Office,Maharashtra,"ESIC Branch Office- Aundh, Lavender Classic, Duplex Apartment No 4, Near Ganraj Manager Karyalaya, Baner, Aundh, Pune - 411 045",False,,,
1190,Maharashtra,Branch Office,Miraj,"ESIC, 4204/4704, Guruwar Peth, Gurukrupa Hospital Building, MIRAJ 416 410",False,,,
1191,Maharashtra,Branch Office,Ichalkaranji,"ESIC, Rajaram Stadium, Opp ST Stand Ichalkaranji",False,,,
1192,Maharashtra,Branch Office,Barshi,"ESI Corporation, 155/A, Aalaamgaon Marg, Sudhash Nagar, Barshi (330, Kasaba peth, Brahmin Galli, Jalali Building, Barshi)",False,,,
1193,Maharashtra,Branch Office,Aurangabad,"Branch Manager, Branch office, ESI Corporation, ESI Hospital Complex, East wing, P-16, MIDC, Naregaon Road, CIDCO, Aurangabad-431003",False,,,
1194,Maharashtra,Branch Office,Aurangabad,"BO, Near Saraswat Bank, X-25 MIDC Waluj, Aurangabad",False,,,
1195,Maharashtra,Branch Office,Dhule,"Shri Mukund Kashinath Kolwate, Plot No. 87/2, 80 Feet Road Near Lokmanya Hospital Chouk, Behind Canosa Convent School, Dhule",False,,,
1196,Maharashtra,Branch Office,Jalgaon,"Idgah Shopping complex, Shop no 1&2, Near Ajanta Chowkey, Jalgaon",True,justdial.com,"Employees State Insurance Corporation, Rampeth, Jalgaon - Justdial",https://www.justdial.com/Jalgaon/Employees-State-Insurance-Corporation-Ajanta-Squire-Rampeth-Jalgaon-Ho/9999PX257-X257-130318160426-B8P4_BZDET
1197,Maharashtra,Branch Office,Nanded,"NANDED, Branch Manager, Branch office, ESI Corporation, Nagina Ghat Road, Opp city P.O. Nanded-431 601",False,,,
1198,Maharashtra,Branch Office,Akola,"Old income tax square, Ratanlalchan Road, Nidhi Plaza Akurla Plaza Akola",False,,,
1199,Maharashtra,Branch Office,Amravati,"Sakshi complex Madholkar peth, opp. Rajapeth police station",False,,,
1200,Maharashtra,Branch Office,Chandrapur,ESIC BO Chandrapur Dr. Khatri's building Bharat Bhavan Ramnagar Chandrapur,False,,,
1201,Maharashtra,Branch Office,Higanghat,"ESIC BO-Hinganghat C/o Mohammad Isayak Abdul Rehman Building, Dr. Ambedkar Chawk Gautam ward 442301",False,,,
1202,Maharashtra,Branch Office,Nagpur,"Madhav Madankar ward no. 3, Nayei Washet nr. Shri Gajanan maharaj Mandir. Butibori Nagpur-441108",False,,,
1203,Maharashtra,Branch Office,Nagpur,"c/o Smt Rekha Pamparbhede, Plot No 10, Madhav Nagar, Behind Dominos Pizza outlet, Matey Square, Nagpur 440010",False,,,
1204,Maharashtra,Branch Office,Nagpur,"Sharma House No 7/4, Netaji Chowk, Rajbahadur DB, KAMPTEE, Nagpur 441102",False,,,
1205,Maharashtra,Branch Office,Nagpur,"Old SRO building, Ganesh Peth, Near Vidharbh Bazar, Nagpur",False,,,
1206,Maharashtra,Branch Office,Nagpur,"Sainath complex, 2nd floor Kamal chowk, Dr. Ambedkar road Nagpur-440017",False,,,
1207,Maharashtra,Branch Office,Nagpur,"C/o ESI Dispensary premises,near sub regional office Ganeshpeth, nagpur 440018",False,,,
1208,Maharashtra,Branch Office,Maharashtra,"Smt. Usha bai Virmalchand choudhary, 121, Krishna pawra Ward, Near durga mandir, Durga chowk gondia",False,,,
1209,Maharashtra,Branch Office,Nagpur,"Esic Kalmeshwar BO, Mr. Ravindra Gonar, C/O 1st floor, Katol Road, Brahmi, Kamleshwar, Dist Nagpur",False,,,
1210,Maharashtra,Branch Office,Maharashtra,"C/O Vikram G Nagwani Behind sharma Hospital Near Rst Stop Kailsar Plot, Khamgaon 444303",False,,,
1211,Maharashtra,Branch Office,Thane,"Roshan Building, 'A' wing, Shop no. 7&8, Ahire Road, Near Madhavi School, Dombivali (E), Dist. Thane",False,,,
1212,Maharashtra,Branch Office,Thane,"Office no 1, ground floor, building no.3, Sarvodaya Ganga, Cts No. 5406, 5407, Nr. Bhanusagar cinema, Nr.to Platform No. 1, Kalyan (w).",False,,,
1213,Maharashtra,Branch Office,Thane,"ESIS Hospital Complex, 2nd Floor, Ulhasnagar-3",False,,,
1214,Maharashtra,Branch Office,Thane,"R-3, Near MIDC Office, Badlapur Kalyan Road, Ambernath",False,,,
1215,Maharashtra,Branch Office,Maharashtra,"Yashonanagari, 'C' Wing, First floor, Plot No. 400/A, Opp. Panvel Railway Station, PANVEL, Raigad Dist. Pin-410206",False,,,
1216,Maharashtra,Branch Office,Navi Mumbai,"ESI Scheme Hospital Building, 1st Floor, ESI Scheme Hospital Compound, Sector-5, Vashi, Navi Mumbai-400703",False,,,
1217,Maharashtra,Branch Office,Mumbai,"ESIS Hospital Complex, L.B.S. Marg, Mulund(W), Mumbai.",False,,,
1218,Maharashtra,Branch Office,Mumbai,"Nurses Hostel Building, Ground Floor, ESIS Hospital Complex, Wagle Estate, Road no. 33, Thane (W), Mumbai.",False,,,
1219,Maharashtra,Branch Office,Nasik,"Panchdeep Bhawan, GND. Floor, MIDC Area, Plot No. P-4, SRO Nasik office building",False,,,
1220,Maharashtra,Branch Office,Nasik,"Plot 15 & 16, Kartiksector A 1, Opp. Nikitha Mangal Karyalaya, Near Ambad Police Station, Ashwin Nagar, Cidco, Nasik",False,,,
1221,Mizoram,Dispensary,Aizwal,"House No: C-40, 1st Floor, L.T. Veng, Aizawl, Pin-796001",False,,,
1222,Mizoram,Branch Office,Aizwal,"RZ Annex Building, House No: A-507/C, 4th Floor, Zodiak Square, Tuikual South, Aizawl, Mizoram-796001",False,,,
1231,MP,Hospital,Bhopal,ESIC General Hospital Sonagiri BHEL Bhopal,True,sonagirihospital.esic.gov.in,ESIC Hospital Sonagiri | Employee's State Insurance Corporation ...,https://sonagirihospital.esic.gov.in/
1232,MP,Hospital,Dewas,Ujjain Road Dewas,False,,,
1233,MP,Hospital,Gwalior,ESIC Hospital Gwalior,False,,,
1234,MP,Hospital,Indore,"T.N.Hosptial, Nanda Nagar Indore",False,,,
1235,MP,Hospital,Indore,"Adarsh Hospital, Tin Manjila Nanda Nagar Indore",False,,,
1236,MP,Hospital,Mandsaur,Amed Ward Mandsaur Hospital,False,,,
1237,MP,Hospital,Nagda,ESIC Hospital Nagda,False,,,
1238,MP,Hospital,Ujjain,"ESIC Hospital Campus, Agar Road -- Ujjain, ESIC Hospital",False,,,
1239,MP,Hospital,Baghraj,"ESIC CWD Central Hospital, Sattai, Baghrajward, MP 470002",False,,,
1240,MP,Dispensary,Amlai,"Orient Paper Mill Area-- Amlai (Shahdol) M. P., ESIC Dispensary",False,,,
1241,MP,Dispensary,Bhopal,BHEL Bhopal-ESIC Dispensary,False,,,
1242,MP,Dispensary,Bhopal,Govindpura Bhopal-ESIC Dispensary,False,,,
1243,MP,Dispensary,Bhind,"ESIC Dispensary Malanpur, ESIC Dispensary",False,,,
1244,MP,Dispensary,Bhopal,"New Subhash Nagar Bhopal, ESIC Dispensary",False,,,
1245,MP,Dispensary,Burhanpur,"Lal Bagh Burhanpur, ESIC Dispensary",False,,,
1246,MP,Dispensary,Dewas,"Dispensary, Kalani Bagh, A B Road Dewas",False,,,
1247,MP,Dispensary,Dewas,"Shramik Basti, Balgarh-- Dewas, ESIC Dispensary",False,,,
1248,MP,Dispensary,Dewas,"Pradhikaran Market, Ujjain Road Dewas, ESIC Dispensary",False,,,
1249,MP,Dispensary,Gwalior,"Birla Nagar No 2 Gwalior, ESIC Dispensary",False,,,
1250,MP,Dispensary,Gwalior,"CH-21, Dindyal Nagar Gwalior, ESI Dispensary (Old Name Birlanagar-2)",False,,,
1251,MP,Dispensary,Gwalior,"Gola ka mandir Gwalior, ESIC Dispensary",False,,,
1252,MP,Dispensary,Gwalior,"Jawahar Colony Gwalior, ESIC Dispensary",False,,,
1253,MP,Dispensary,Gwalior,"ESIC Dispensary Murar, ESIC Dispensary",False,,,
1254,MP,Dispensary,Gwalior,"Phalke Bazar Gwalior, ESIC Dispensary",False,,,
1255,MP,Dispensary,Indore,"Radhaswami, Anand Nagar, Chitawad Road-- Indore, ESIC Dispensary",False,,,
1256,MP,Dispensary,Indore,"Pardeshipura Community Hall, Damroo Ustad Ka Chauraha-- Indore, ESIC Dispensary",False,,,
1257,MP,Dispensary,Indore,"Dispensary, Marimata Chourhaha-- Indore, ESIC Dispensary",False,,,
1258,MP,Dispensary,Indore,"ESI Dispensary Manglia Dugh Daire Sangh Colony, Manglia, Indore",True,esic.gov.in,ESIC Dispensaries | Employees' State Insurance Corporation,https://www.esic.gov.in/dispensaries
1259,MP,Dispensary,Indore,"Dispensary, Opposite Christian Eminent School, Near Atal Dwar, Nehru Nagar-- Indore, ESIC Dispensary",False,,,
1260,MP,Dispensary,Indore,"Dispensary, Mill Area, 15 Yashwant Niwas Road, Opp. Patel Motors-- Indore, ESIC Dispensary",False,,,
1261,MP,Dispensary,Indore,"Rajmohalla Main Road-- Indore, ESIC Dispensary",False,,,
1262,MP,Dispensary,Jabalpur,"Narmada Nagar, Raddi Chouki, Aadhartal-- Jabalpur, ESIC Dispensary",False,,,
1263,MP,Dispensary,Jabalpur,"Dispensary, Roorhi Ghamapur, Kanch Ghar Colony-- Jabalpur, ESIC Dispensary",False,,,
1264,MP,Dispensary,Jabalpur,"Opposite Pragati Complex, Near Housing Board Office, Hathi Talal-- Jabalpur, ESIC Dispensary",False,,,
1265,MP,Dispensary,Jabalpur,"Near Chousathaital College, Wright Town-- Jabalpur, ESIC Dispensary",False,,,
1266,MP,Dispensary,Katni,"Guman Singh Thakur Ka Makan, Gaytri Nagar-- Katni, ESIC Dispensary",False,,,
1267,MP,Dispensary,Nimar,"Near Railway Station-- Nimar, ESIC Dispensary",False,,,
1268,MP,Dispensary,Mandideep,"Indira Nagar Mandideep, ESIC Dispensary",False,,,
1269,MP,Dispensary,Mandideep,"Satlapur Mandideep, ESIC Dispensary",False,,,
1270,MP,Dispensary,Morena,"Gayatri Nagar, Banmore, Distt. Morena M.P., ESIC Dispensary",False,,,
1271,MP,Dispensary,Nagda,"Dispensary, Opposite Birla Gram Petrol Pump, Nagda M.P., ESIC Dispensary",False,,,
1272,MP,Dispensary,Nagda,"Nagda Mandi, Jawahar Marg-- Nagda, ESIC Dispensary",False,,,
1273,MP,Dispensary,Pithampur,"Dispensary, 2 Bhojpuri Colony, Sector 3-4, Nerma Road Pithampur, ESIC Dispensary",True,nta.esic.gov.in,ESIC Dispensaries | Employees' State Insurance Corporation,https://nta.esic.gov.in/dispensaries
1274,MP,Dispensary,Pithampur,"Dispensary, Near Rajshree Hotel, Sector 1 Pithampur, ESIC Dispensary",False,,,
1275,MP,Dispensary,Ratlam,"Jawahar Nagar-- Ratlam, ESIC Dispensary",False,,,
1276,MP,Dispensary,Ratlam,"Hospital Campus Polo Ground-- Ratlam, ESIC Dispensary",False,,,
1277,MP,Dispensary,Satna,"Dispensary, Birla Nagar-- Satna, ESIC Dispensary",False,,,
1278,MP,Dispensary,Sagar,"ESIC Dispensary Sagar, HIG 7, ESIC Services 2, civil line, near dubey auto servicing V.P. pin code no 470001, ESIC Dispensary",False,,,
1279,MP,Dispensary,Ujjain,"Esic Hospital Campus, Agar Road-- Ujjain, ESIC Dispensary",False,,,
1280,MP,Dispensary,Ujjain,"Desai Nagar Ujjain, ESIC Dispensary",False,,,
1281,MP,Branch Office,Amlai,"Opp. Orient Paper Mill-- Amlai (Shahdol) M.P., ESIC Branch Office",False,,,
1282,MP,Branch Office,Bhopal,"ESIC Complex Sonagiri Bhopal, ESIC Branch Office",False,,,
1283,MP,Branch Office,Bhopal,"Panchdeep Bhawan New Subhash Nagar Bhopal, ESIC Branch Office",False,,,
1284,MP,Branch Office,Burhanpur,"ESIC Bhavan Labor Colony Lal Bagh Burhanpur, ESIC Branch Office",False,,,
1285,MP,Branch Office,Dewas,"BO, Kalani Bagh, A B Road Dewas, ESIC Branch Office",False,,,
1286,MP,Branch Office,Dewas,"Pradhikaran Market, Ujjain Road Dewas, ESIC Branch Office",False,,,
1287,MP,Branch Office,Gwalior,"Near Krisha Mandir, Falke Sab ka Bada, Falke Bazar, ESIC Branch Office",False,,,
1288,MP,Branch Office,Gwalior,"Vishesh Bhawan Baradari Chouhara Murar Gwalior, ESIC Branch Office( New Location-Kushwaha Kothi, Hariom Colony, 7 No. Chouraha, Murar, Gwalior)",False,,,
1289,MP,Branch Office,Indore,"BO, Marimata Chourhaha-- Indore, ESIC Branch Office",False,,,
1290,MP,Branch Office,Indore,"BO, Opposite Christian Eminent School, Near Atal Dwar, Nehru Nagar-- Indore, ESIC Branch Office",False,,,
1291,MP,Branch Office,Indore,"BO, Mill Area, 15 Yashwant Niwas Road, Opp. Patel Motors-- Indore, ESIC Branch Office",False,,,
1292,MP,Branch Office,Jabalpur,"BO, Kootral Ghamapur, Kanch Ghar Colony-- Jabalpur, ESIC Branch Office",False,,,
1293,MP,Branch Office,Mandideep,"773 B Indira Nagar Mandideep, ESIC Center Office",False,,,
1294,MP,Branch Office,Mandsor,"Puja Housing Colony, Nai Abadi Mandsaur, ESIC Branch Office",False,,,
1295,MP,Branch Office,Gwalior,"Old Address - Munnalal Gupta ka makan, A B Road Banmore, ESIC Branch Office (New Address-Keshav Bhawan Nagarpalika Chourang AB road banmore SM Banli)",False,,,
1296,MP,Branch Office,Nagda,"BO, Opposite Birla Gram Petrol Pump, Nagda M.P., ESIC Branch Office",False,,,
1297,MP,Branch Office,Pithampur,"BO,2 Bhojpuri Colony, Sector 3-4, Nerma Road Pithampur, ESIC Branch Office",False,,,
1298,MP,Branch Office,Pithampur,"BO, Near Rajshree Hotel, Sector 1, Nahar Chourhara-- Pithampur, ESIC Branch Office",False,,,
1299,MP,Branch Office,Ratlam,"ESIC Bhavan, Polo Ground Ratlam M.P. ESIC Branch Office",False,,,
1300,MP,Branch Office,Satna,"Bela Nagar-- Satna, ESIC Branch Office",True,esic.gov.in,ESIC Branch Offices | Employees' State Insurance Corporation,https://esic.gov.in/branchs/index/
1301,MP,Branch Office,Ujjain,"Patel Nagar, Maksi Road-- Ujjain M.P., ESIC Branch Office",False,,,
1304,Orissa,Hospital,Orissa,"Medical Superintendent, E.S.I. Hospital, Near Mayfair Lagoon, Chandrasekhar Pur, Bhubaneswar, Dist: Khurda.",False,,,
1305,Orissa,Hospital,Jeypore,"Medical Superintendent, E.S.I. Hospital, At/PO: Jeykypur, Dist: RAYGADA.",False,,,
1306,Orissa,Hospital,Rourktla,"Medical Superintendent, E.S.I. Hospital, At/PO: Kansbahal, Dist: SUNDERGARH.",False,,,
1307,Orissa,Hospital,Orissa,"Medical Superintendent, E.S.I. Hospital, At: Choudwar, PO: Charbatia, Dist: CUTTACK.",False,,,
1308,Orissa,Hospital,Rourktla,"Medical Superintendent, E.S.I. Hospital, Near I.T.I, Industrial Estate, Jail Road, ROURKELA-4.",False,,,
1309,Orissa,Dispensary,Berhampur,"Medical Officer Incharge, E.S.I. Dispensary, At: Seeroda Bhawan, Cooperative Colony, Kamapalli, Berhampur-4, Ph: 2206270",False,,,
1310,Orissa,Dispensary,Balasore,"Medical Officer Incharge, E.S.I. Dispensary, At/P.O. Remuna, Narangolpur -756019, Dist: Balasore",False,,,
1311,Orissa,Dispensary,Bhadrak,"Medical Officer Incharge, E.S.I. Dispensary, At/P.O. Randiabat, Dist: Bhadrak.",False,,,
1312,Orissa,Dispensary,Angul,"House of Saraswati, Pradhan At/PO KANDASAR Angul, Orissa- 759145",False,,,
1313,Orissa,Dispensary,Bhubaneswar,"Medical Officer Incharge, E.S.I. Dispensary, Sahid Nagar, Bhubaneswar-7.",False,,,
1314,Orissa,Dispensary,Bolangir,"Medical Officer Incharge, E.S.I. Dispensary, At/P.O: Sudapada, Dist: Bolangir.",False,,,
1315,Orissa,Dispensary,Jharsuguda,"Medical Officer Incharge, E.S.I. Dispensary, Brajarajnagar, Dist: Jharsuguda.",False,,,
1316,Orissa,Dispensary,Jajpur,"Medical Officer Incharge, E.S.I. Dispensary, Dhanamandal, At/PO- Sunguda, Chandikho, Dist: Cuttack.",False,,,
1317,Orissa,Dispensary,Jajpur,"Medical Officer Incharge, E.S.I. Dispensary, Duburi, At/PO-Pankapal, Sasan Daka Dangadi, Dist: Jajpur",False,,,
1318,Orissa,Dispensary,Sundergarh,"Medical Officer Incharge, E.S.I. Dispensary, FCI Colony, At/PO-Uparbaaljodi Rourkela-16 Sundergarh",False,,,
1319,Orissa,Dispensary,Town,"Medical Officer Incharge, E.S.I. Dispensary, Khurda, At/PO-P.N.College, Dist:- Khurda",False,,,
1320,Orissa,Dispensary,Sundergarh,"Medical Officer Incharge, E.S.I. Dispensary, Kuarmunda, At/PO-Niaci Road, Kuarmunda, Dist: Sundergarh",False,,,
1321,Orissa,Dispensary,City,"Medical Officer Incharge, E.S.I. Dispensary, Puri, At/Po-Kholikothi, Nuzaha, Near Gandicha Temple, Dist: Puri Pin- 75200",False,,,
1322,Orissa,Dispensary,Town,"Medical Officer Incharge, E.S.I. Dispensary, Rajabagicha, At/Po- Jhaniamangal, Dist: Cuttack",False,,,
1323,Orissa,Dispensary,Sundergarh,"Medical Officer Incharge, E.S.I. Dispensary, Rajgangpur, At/Po-Rajgangpur, Dist- Sundergarh.",False,,,
1324,Orissa,Dispensary,Sundergarh,"Medical Officer Incharge, E.S.I. Dispensary, Rourkela-3, At/Po-Industrial Estate Pan Posh, Dist: Sundergarh",False,,,
1325,Orissa,Dispensary,Bargarh,"Medical Officer Incharge, E.S.I. Dispensary, At/P.O.: Bargarh, Dist: Bargarh.",False,,,
1326,Orissa,Dispensary,Sundergarh,"Medical Officer Incharge, E.S.I. Dispensary, CISF Colony, P.O. Dlara Chack, Rourkela, Sundergarh.",False,,,
1327,Orissa,Dispensary,Koraput,"At House of D. Appala Achary, Plot No. 2375, Mouza Jagatdhatripur, VIP Lane, PO Jeypore, Dist Koraput",False,,,
1328,Orissa,Dispensary,Sundergarh,"Medical Officer Incharge, E.S.I. Dispensary, Sambalpur, At/Po-Minor Rd UC, Near S Dankarani Chitut, Dist-Sundergarh",False,,,
1329,Orissa,Dispensary,Baripada,"Medical Officer Incharge, E.S.I. Dispensary, At: Palbani (in front of Labour Office), P.O: Baripada, Mayurbhanj.",True,esis.odisha.gov.in,Odisha - ESI | Employees' State Insurance,https://esis.odisha.gov.in/
1330,Orissa,Dispensary,Dhenkanal,"MO Incharge At: IPH ESI Disp. Dhenkanal, P.O: Station Road.",False,,,
1331,Orissa,Dispensary,Keonjhar,"Medical Officer Incharge, E.S.I. Dispensary, At/P.:- Brahamanipal, Dist: Keonjhar.",False,,,
1332,Orissa,Dispensary,Cuttack,"Medical Officer Incharge, ESI dispensary, Jagatpur, At-ESIC Branch office complex, Jagatpur, Cuttack, 754021",False,,,
1333,Orissa,Dispensary,Ganjam,"Medical Officer Incharge, E.S.I. Dispensary, At/P.O.: Aska, Near Spinning Mill, Dist: Ganjam,",False,,,
1334,Orissa,Dispensary,Sambalpur,"Medical Officer Incharge, E.S.I. Dispensary, Hirakud, At/PO-Hirakud, Dist:- Sambalpur",False,,,
1335,Orissa,Dispensary,Keonjhar,"Medical Officer Incharge, E.S.I. Dispensary, P.O.: Matkambeda, Barbil, Dist: Keonjhar.",False,,,
1336,Orissa,Dispensary,Balasore,"Medical Officer Incharge, E.S.I. Dispensary, ITI Square, P.O. O.T Road, Dist: Balasore.",False,,,
1337,Orissa,Dispensary,Jagatsinghpur,"Medical Officer Incharge, E.S.I. Dispensary, Paradeep, At/Po: Atharbanki, Via: Paradeep Port, Dist: Jagatsinghpur",False,,,
1338,Orissa,Dispensary,Orissa,"Medical Officer Incharge, ESI Dispensary, Plot No. 518/2476, Mouza Patharmunda, PS NTPC Township PO Kaniha, Dist Angul",False,,,
1339,Orissa,Dispensary,Town,ESI Dispensary Ferro chrome Jajpur Road,False,,,
1340,Orissa,Dispensary,Cuttack,"Medical Officer Incharge, E.S.I. Dispensary, Kaparia, At/PO-Kalyan Nagar, Dist:- Cuttack Pin-753013",False,,,
1341,Orissa,Dispensary,Ganjam,"Medical Officer Incharge, E.S.I. Dispensary, Ganjam, At/PO-Ganjam, Dist:- Ganjam",False,,,
1342,Orissa,Dispensary,Sundergarh,"Medical Officer Incharge, E.S.I. Dispensary, Kalunga, At/PO-Kalunga, Dist:- Sundergarh",False,,,
1343,Orissa,Dispensary,Orissa,"ESI Dispensary Jharsuguda, L.M.D. I/C, PO Jharsuguda-768204, Dist Jharsuguda, Orissa",False,,,
1344,Orissa,Dispensary,Cuttack,"Medical Officer Incharge, E.S.I. Dispensary, At: Tangi, P.O: Kotasahi, Cuttack",False,,,
1345,Orissa,Dispensary,Meramundali,"Insurance Medical Officer I/C E.S.I. Dispensary, Meramundali, At/Post: Meramundali (Near BSNL Telephone Exchange), Dist. Dhenkanal",False,,,
1346,Orissa,Dispensary,Choudwar,"Medical Officer Incharge, ESI Dispensary, At- TPM Area, P.O.-Daulatabad, Choudwar, Dist.-Cuttack",False,,,
1347,Orissa,Dispensary,Khuntuni,"Medical Officer Incharge, ESI Dispensary, At: Ramsel, PO Khuntuni, Dist Cuttack-754029",False,,,
1348,Orissa,Dispensary,Basudevpur,"H/O - AN Pattnaik, At: PITHABALI, Basudevpur P.O, Chhendipada, Dist: Angul",False,,,
1349,Orissa,Dispensary,Orissa,"Medical Officer InCharge, ESI Dispensary, Damanjodi, Dist: Koraput",False,,,
1350,Orissa,Branch Office,Balasore,"The Manager, Branch office, E.S.I Corporation, -H/0 Dr. S.S. Acharya (1st Floor), At: Ranipatna Chack, Near Veterinary Office, DIST: BALASORE -756001 Ph: 06782-263324",False,,,
1351,Orissa,Branch Office,Bargarh,"The Manager, Branch office, E.S.I Corporation, H/o- Dr. P.K. Das, Khajurtikra, Near Geography High School, BARGARH-768028, Ph: 06646-234125",False,,,
1352,Orissa,Branch Office,Bolangir,"The Manager, Branch office, E.S.I Corporation, House of sri Artatrana boau, Braja Bhumi, NH-224, Pusudag, Dist -Bolangir, Pin-767001, Mob-9938480302",False,,,
1353,Orissa,Branch Office,Cuttack,"The Manager, Branch office, E.S.I Corporation, Cuttack, H/o- Dr. Nimai Banerjee, At- Pithapur, Po-Buxi Bazar, Dist- Cuttack-753001, Ph:- 0671-2421324",False,,,
1354,Orissa,Branch Office,Cuttack,"The Manager, Branch office, E.S.I Corporation, Besides Tahsil Office, Jagatpur, Dist: 754021",False,,,
1355,Orissa,Branch Office,Cuttack,"The Manager, Branch office, E.S.I Corporation, ESIC Complex, P.O.: Charbatia, Choudwar, Cuttack, Ph: 0671-2494152",False,,,
1356,Orissa,Branch Office,Cuttack,"The Manager, Branch office, E.S.I Corporation, ESIC Complex, Po.: Charbatia, Choudwar, Cuttack- 754071, Ph: 0671-2494152",True,esic.gov.in,Branch Offices ( BO) | Employee's State Insurance Corporation ... - ESIC,https://www.esic.gov.in/orissa
1357,Orissa,Branch Office,Dhenkanal,"The Manager, Branch office, E.S.I Corporation, H/o- Sh. R.K. Pattanaik, At- Meena Bazar, Jagannath Road, P.O. / Dist: Dhenkanal-759027, 06762-224160",False,,,
1358,Orissa,Branch Office,Ganjam,"The Manager, Branch office, E.S.I Corporation, Dharma Nagar, Main Road, BERHAMPUR, Dist: Ganjam",False,,,
1359,Orissa,Branch Office,Jagatsinghpur,"The Manager, Branch office, E.S.I Corporation, Qr.No. 30/12, PPT Atharbanki, Paradeep Port Trust, Paradeep, Dist: Jagatsinghpur-75410, Ph- 06722-211129",False,,,
1360,Orissa,Branch Office,Jajpur,"The Manager, Branch office, E.S.I Corporation, H/o- Sri R. Jena, Chandikhol Chhack, P.O: Sunguda, Dharmasala, Dist: Jajpur, 754024, Ph: 06725-221850",False,,,
1361,Orissa,Branch Office,Jajpur,"The Manager, Branch office, E.S.I Corporation, H/o- Satrua Mani Sahoo, Belesokha, Chhila Road, P.O: Dala Jajpur Road, Dist: Jajpur",False,,,
1362,Orissa,Branch Office,Koraput,"The Manager, Branch office, E.S.I Corporation, H/o- Shri Dalakrishna Sahoo, New Street, 4th Lane, Jeypore, Koraput, Ph: 06854-232185",False,,,
1363,Orissa,Branch Office,Puri,"The Manager, Branch office, E.S.I Corporation, Shrishrashree Lane, Near Atharnala, P.O. / Dist- Puri, Ph: 06752-220190",False,,,
1364,Orissa,Branch Office,Keonjhar,"The Manager, Branch office, E.S.I Corporation, Plot No. A/22, At: Kalinga Nagar, P.O: Matkambeda, Barbil, Dist: Keonjhar-758036, Ph - 06767-277541",False,,,
1365,Orissa,Branch Office,Bhubaneswar,"The Manager, Branch office, E.S.I Corporation, Plot No: A/12, Near Railway level Cossing, Bhubaneswar-751007, Ph: 0674-2549127",False,,,
1366,Orissa,Branch Office,Khurda,"The Manager, Branch office, E.S.I Corporation, H/o: Krupasindhu Sahoo, Near Bus Stand, Behnd Syndicate Bank, Mathusudan Nagar, P.O: Pallahat, Dist:- Khurda-752056.",False,,,
1367,Orissa,Branch Office,Angul,"The Manager, Branch office, E.S.I Corporation, H/o- B.B. Biswal, At/PO- Baniyagol, Dist: Angul,",False,,,
1368,Orissa,Branch Office,Jharsuguda,"The Manager, Branch office, E.S.I Corporation, ESIC DISPANSARY BOMBAY CHHAK, Jharsuguda- Pin - 06645-272857",False,,,
1369,Orissa,Branch Office,Sambalpur,"The Manager, Branch office, E.S.I Corporation, At/Po-Hirakud, Near hindalco smelter Plant, Dist - Sambalpur-768016",False,,,
1370,Orissa,Branch Office,Rourktla,"The Manager, Branch office, E.S.I Corporation, ESIC Specialist Center, Rourkela -769004, Dist: Sundergarh ,Ph: 0661-2504858",False,,,
1371,Orissa,Branch Office,Sundergarh,"The Manager, branch office, E.S.I Corporation, H/O Sashi singh Chhabra, Opposite of Salmandir, ITI chawk, Vedvyas, Rourkela, Odisha",False,,,
1372,Orissa,Branch Office,Sundergarh,"The Manager, Branch office, E.S.I Corporation, At/P.O: Rajgangpur, Dist:- Sundergarh-770017, Ph: 06624-220359",False,,,
1373,Orissa,Branch Office,Raygada,"The Manager, Branch office, E.S.I Corporation, At/Po - J. K. pur, Dist- Rayagada - 765017, Ph: 06856-233120",False,,,
1376,Puducherry,Hospital,Gorimedu,ESIS Hospital Gorimedu Pondicherry-6,False,,,
1377,Puducherry,Dispensary,Ariyankuppam,"Medical officer incharge, ESI dispensary, Ariyankuppam, Puducherry",False,,,
1378,Puducherry,Dispensary,Debassynpet,"No 3, Bharathidasan Street, Muthialpet,Puducherry 605003",False,,,
1379,Puducherry,Dispensary,Kirumampakkam,"Medical officer incharge, ESI dispensary, Agasparlar Road, Kirumampakkam, Puducherry",False,,,
1380,Puducherry,Dispensary,Muthirappalyam,"Medical officer incharge, ESI dispensary, No 87, Rajanal Madom street, Muthirapalyam, Puducherry",False,,,
1381,Puducherry,Dispensary,Thirubuvanai,"Medical officer incharge, ESI dispensary, PHC building, Thirubuvanai, Puducherry",False,,,
1382,Puducherry,Dispensary,Villianur,"Medical officer incharge, ESI dispensary, No- 13, 2nd cross street, vasantha nagar, Villenur, Puducherry,",False,,,
1383,Puducherry,Dispensary,Gandhinagar,"Medical officer incharge, ESI dispensary, Vazhudavoor Road, Gandhinagar, Puducherry",False,,,
1384,Puducherry,Dispensary,Reddiarpalayam,"No 29, 1st main road, Perumal Raja Gardens, Reddiarpalayam, Puducherry",False,,,
1385,Puducherry,Dispensary,Mudaliarpet,"Medical officer incharge, ESI dispensary, Bhuvanankere Street, Mudaliarpet, Puducherry",True,nta.esic.gov.in,ESIC Dispensaries | Employees' State Insurance Corporation,https://nta.esic.gov.in/dispensaries
1386,Puducherry,Dispensary,Raja Rajeswari Nagar,"No.7, II Cross, Raja Rajeswari Nagar, Puducherry-011",False,,,
1387,Puducherry,Dispensary,Sedarapet,"Medical officer incharge, ESI dispensary, 14, South street, Sedarapet, Puducherry",False,,,
1388,Puducherry,Dispensary,Karaikal,"Medical officer incharge, ESI dispensary, 149, Kamarajsalai, Varichigudy, Karaikal",False,,,
1389,Puducherry,Branch Office,Villianur,"Plot no 2, Padmini Nagar, near oorkani temple, villianur",False,,,
1390,Puducherry,Branch Office,Gandhinagar,"Gandhinagar, puducherry, Vazhudavurd",False,,,
1391,Puducherry,Branch Office,Iswaran,"No. 164, Ist floor, Needarajapayor Street, puducherry-605001",False,,,
1392,Puducherry,Branch Office,Mudaliarpet,"80, Bouvancare Street, Mudaliarpet",False,,,
1393,Puducherry,Branch Office,Bharathida,"Branch Office, ESI Corporation, No.-16, Kamarajar Salai, (Near M.G.M Bus Stop) Karaikal- 609602",False,,,
1394,Puducherry,Branch Office,Thiruvandarkoil,"No.74, Ravichandran Nagar, Thiruvandarkoil, Puducherry- 605102",False,,,
1404,Punjab,Hospital,Mohali,"Medical Superintendent, ESI Hospital, Ind. Area, Ph-VII, Mohali",False,,,
1405,Punjab,Hospital,Chandigarh,"Medical Superintendent, ESI Hospital, Ram Darbar, Ph-II Chandigarh",False,,,
1406,Punjab,Hospital,Amritsar,"Medical Superintendent, ESI Hospital, Majitha Road Amritsar",False,,,
1407,Punjab,Hospital,Hoshiarpur,"Medical Superintendent, ESI Hospital, Hoshiarpur",False,,,
1408,Punjab,Hospital,Jalandhar,"Medical Superintendent, ESI Hospital, Behind Civil Hospital, Jalandhar",False,,,
1409,Punjab,Hospital,Phagwara,"Medical Superintendent, ESI Hospital, Phagwara",False,,,
1410,Punjab,Hospital,Ludhiana,"Medical Superintendent, ESI Hospital, Bharat Nagar, Ludhiana",False,,,
1411,Punjab,Hospital,Mandi Gobindgarh,"Medical Superintendent, ESI Hospital, Opposite to Civil Hospital, in campus of Mother Child Care Hospital, Main Bazar, Mandi Gobindgarh, Punjab-147301",False,,,
1412,Punjab,Dispensary,Barnala,"DISP. NO. II Medical Officer Incharge, ESI Dispensary, C/o Malwa Textile Mills, Barnala",False,,,
1413,Punjab,Dispensary,Bhatinda,"DISP. NO. III Medical Officer Incharge, ESI Dispensary, Galaxy Building, Debwali Road, Bhatinda",False,,,
1414,Punjab,Dispensary,Chandigarh,"2, ESI Dispensary, Sector 29, Chandigarh",False,,,
1415,Punjab,Dispensary,Chandigarh,"Medical Officer Incharge, ESI Dispensary, Sector 29, Chandigarh",False,,,
1416,Punjab,Dispensary,Malerkotla,"MALERKOTLA - Medical Officer Incharge, ESI Dispensary, Urban Slum Area, Lal Bazar, Malerkotla",False,,,
1417,Punjab,Dispensary,Mandi Gobindgarh,"MANDI GOBINDGARH - DISP. NO. 1 Medical Officer Incharge, ESI Dispensary, Mandi Gobindgarh",False,,,
1418,Punjab,Dispensary,Moga,"MOGA - Medical Officer Incharge, ESI Dispensary, Nanak Nagri, Moga",False,,,
1419,Punjab,Dispensary,Mohali,"MOHALI - DISP. NO. II Medical Officer Incharge, ESI Dispensary, Phase-II, Mohali",False,,,
1420,Punjab,Dispensary,Mohali,"MOHALI - DISP. NO. I Medical Officer Incharge, ESI Dispensary, Phase-VII, Mohali",False,,,
1421,Punjab,Dispensary,Amritsar,"Medical Officer Incharge, ESI Dispensary, Majitha Road Hospital Complex, Amritsar",True,esic.gov.in,ESIC Dispensaries | Employees' State Insurance Corporation,https://www.esic.gov.in/dispensaries
1422,Punjab,Dispensary,Amritsar,"Medical Officer Incharge, ESI Dispensary, Chheherta, Distt. Amritsar",False,,,
1423,Punjab,Dispensary,Amritsar,"VERKA - Medical Officer Incharge, ESI Dispensary, Verka, Distt. Amritsar",False,,,
1424,Punjab,Dispensary,Hoshiarpur,"Medical Officer Incharge, ESI Dispensary, H.No. R 32, VPO Rahimpur, New Sabjimandi, Purhiran, Distt. Hoshiarpur",False,,,
1425,Punjab,Dispensary,Hoshiarpur,"ESI Dispensary, Saila Khurd, Hoshiarpur",False,,,
1426,Punjab,Dispensary,Jalandhar,"JALANDHAR - DISP. NO. V Medical Officer Incharge, ESI Dispensary, H.No 829/L, Near Heer Hospital, Street No. 1, Avtar Nagar, Makksuda Rd, Jalandhar",False,,,
1427,Punjab,Dispensary,Batala,"Medical Officer Incharge, ESI Dispensary, GT Jalandhar Road near civil Hospital, Umarpura, Batala",False,,,
1428,Punjab,Dispensary,Goraya,"ESI Dispensary, Jalandar, Goraya",False,,,
1429,Punjab,Dispensary,Phagwara,"PHAGWARA - DISP. NO. I Medical Officer Incharge, ESI Dispensary, Opp. JCT Mill, Phagwara",False,,,
1430,Punjab,Dispensary,Ludhiana,"LUDHIANA - DISP. NO. X Medical Officer Incharge, ESI Dispensary, B.No.10, Garmukh Singh & Sons, Ludhiana",False,,,
1431,Punjab,Dispensary,Ludhiana,"LUDHIANA - DISP. NO. II Medical Officer Incharge, ESI Dispensary, C/o ESI Hospital, Ludhiana",False,,,
1432,Punjab,Dispensary,Ludhiana,"LUDHIANA - DISP. NO. IV Medical Officer Incharge, ESI Dispensary, C/o ESI Hospital, Ldh.",False,,,
1433,Punjab,Dispensary,Barnala,"ESIC Model Dispensary, Sanjeevni Complex, Raikot road, Barnala",False,,,
1434,Punjab,Dispensary,Bhatinda,"DISP. NO. I Medical Officer Incharge, Urban Healthcare Centre, Beant Nagar, Dhabiana Basti, Power House Road, Bathinda, Punjab-151001",False,,,
1435,Punjab,Dispensary,Bhatinda,"DISP. NO. II Medical Officer Incharge, ESI Dispensary, Guru Nanak Thermal Plant, Bhatinda",False,,,
1436,Punjab,Dispensary,Bhatinda,"Medical Officer Incharge, ESI Dispensary, H/o Guru Hargobind Super Thermal Power Plant Campus, 400 mtr far from the old address, Lehra Mohabbat, Distt. Bathinda, Punjab 151111",False,,,
1437,Punjab,Dispensary,Mandi Gobindgarh,"MANDI GOBINDGARH - DISP. NO. II Medical Officer Incharge, ESI Dispensary, Dadheri Road, Mandi Gobindgarh, Punjab-147301",False,,,
1438,Punjab,Dispensary,Kharar,"KHARAR - Medical Officer Incharge, ESI Dispensary, Kharar",False,,,
1439,Punjab,Dispensary,Lalru,"Medical Officer Incharge, ESI Dispensary, ITI Chowk, Near Civil Hospital, Lalru, Distt. Mohali, Punjab-140501",False,,,
1440,Punjab,Dispensary,Patiala,"Medical Officer Incharge, ESI Dispensary, House No. 40, Mata Kaushlya Govt Hospital, Near Bus Stand, Distt. Patiala, Punjab 147001",False,,,
1441,Punjab,Dispensary,Dera Bassi,"Medical Officer Incharge, ESI Dispensary, Dera Bassi, Distt. Patiala",False,,,
1442,Punjab,Dispensary,Lalru,"ESI Dispensary No.2 at Lalru (P/T Unit) Nahar Factory, Lalru Pin Code-140501",False,,,
1443,Punjab,Dispensary,Patiala,"Medical Officer Incharge ESIC DS, In basement of New OPD Mata kaushalya Govt HS Back side of bus stand patiala punjab-147001",False,,,
1444,Punjab,Dispensary,Ahmedgarh,"Medical Officer Incharge, ESI Dispensary, Civil Hospital, Ahmedgarh (Sangrur)",False,,,
1445,Punjab,Dispensary,Nawanshahar,"ESI DISPENSARY RAHON TAUNSA (opposite government elementary school, near Suvidha centre) distt SBS Nagar Punjab",False,,,
1446,Punjab,Dispensary,Nawanshahar,"Medical Officer Incharge, ESI Dispensary, Civil Hospital, Ropar",False,,,
1447,Punjab,Dispensary,Sangrur,"Medical Officer Incharge, ESI Dispensary, Rural Hospital, Kup Kalan, Sangrur",False,,,
1448,Punjab,Dispensary,Sangrur,"Medical Officer Incharge, ESI Dispensary, Civil Hospital, Sangrur",True,ropunjab.esic.gov.in,Dispensary Cum Branch Office | Employee's State Insurance ... - ESIC,https://ropunjab.esic.gov.in/dispensaries/rosro_index/page:2
1449,Punjab,Dispensary,Sirhind,"Medical Officer Incharge, ESI Dispensary, Dehla mohalla, Sirhind",False,,,
1450,Punjab,Dispensary,Khanna,"ESI Dispensary, Khanna",False,,,
1451,Punjab,Dispensary,Nabha,"ESI Dispensary, Nabha",False,,,
1452,Punjab,Dispensary,Ropar,"Medical Officer Incharge ESI Dispensary, Nuhon , Ropar Thermal Power Station, Near Ropar",False,,,
1453,Punjab,Dispensary,Dhariwal,"Medical Officer Incharge, ESI Dispensary, Dhariwal, Near Bebe Nanki School Villers, Gurdaspur",False,,,
1454,Punjab,Dispensary,Hoshiarpur,"Medical Officer Incharge, ESI Dispensary, C/Mahal, Distt. Hoshiarpur",False,,,
1455,Punjab,Dispensary,Hoshiarpur,"ESIC Dispensary Dagwall Road, Nasrala, Hoshiarpur-146022",False,,,
1456,Punjab,Dispensary,Kapurthala,"KAPURTHALA - Medical Officer Incharge, ESI Dispensary, Kapurthala",False,,,
1457,Punjab,Dispensary,Phagwara,New Building ESIC Disp NO. 2 PHAGWARA Punjab,False,,,
1458,Punjab,Dispensary,Jalandhar,"DISP. NO. 3 Medical Officer Incharge, ESI Dispensary Hospital Complex, Sahid Udham Singh Nagar, Jallandhar",False,,,
1459,Punjab,Dispensary,Phillaur,"ESI Dispensary, Phillaur, Jalandhar",False,,,
1460,Punjab,Dispensary,Jalandhar,"DISP. NO. I Medical Officer Incharge, ESI Dispensary Hospital Complex, Sahid Udham Singh Nagar, Jallandhar",False,,,
1461,Punjab,Dispensary,Kapurthala,"Medical Officer Incharge, ESI Dispensary, Hamira, Jagatjit Nagar, Distt. Kapurthala",False,,,
1462,Punjab,Dispensary,Ludhiana,"Sector-32, Backside of Wardhman, Near Police station Division no 7, CHC Hospital",False,,,
1463,Punjab,Dispensary,Ludhiana,ESI Dispensary No 8 Focal Point Ludhiana,False,,,
1464,Punjab,Dispensary,Ludhiana,"LUDHIANA - DISP NO. XII Medical Officer Incharge, ESI Dispensary, Jallandhar By Pass, Ldh.",False,,,
1465,Punjab,Dispensary,Ludhiana,"Street No. 3 New Janta Nagar, Opp Arora Palace, Gill Road, Near Social Welfare office, Ludhiana",False,,,
1466,Punjab,Dispensary,Ludhiana,"Civil Surgeon Office, Near pavallion malle Ludhiana",False,,,
1467,Punjab,Dispensary,Machiwara,"MACHHI - Medical Officer Incharge, ESI Dispensary, Machhiwara",False,,,
1468,Punjab,Dispensary,Rajpura,"ESI Dispensary No.1, Old ESI Hospital Complex, Rajpura",False,,,
1469,Punjab,Dispensary,Ludhiana,"Ludhiana Dispensary XI, Medical Officer Incharge, ESI Dispensary, Hambra Road, Haibowal, Ludhiana",False,,,
1470,Punjab,Dispensary,Ludhiana,Ludhiana Dispensary NO V Medical Officer Incharge ESI Dispensary RALSON Nagar GT Road OPP. GK Railway Stn. LDH,False,,,
1471,Punjab,Dispensary,Ludhiana,Ludhiana DISP No VIII Medical Officer Incharge ESI Dispensary Gali No 5 Near CMC Hospital Gate No 3 Brown Road Ludhiana,False,,,
1472,Punjab,Dispensary,Sangrur,Garg Services Ltd. Dehlon Sahnewal road Ludhiana,False,,,
1473,Punjab,Dispensary,Abohar,"Medical Officer Incharge, ESI Dispensary, Abohar",False,,,
1474,Punjab,Dispensary,Amritsar,"ESI Dispensary,GT Road, Manawala Kalan, Distt Amritsar",False,,,
1475,Punjab,Dispensary,Jalandhar,"JALLANDHAR - DISP. NO. II Medical Officer Incharge, ESI Dispensary, Gada Ganj, Jallandhar",True,esic.gov.in,"Dispensaries | Employee's State Insurance Corporation, Ministry ... - ESIC",https://www.esic.gov.in/dispensaries-punjab
1476,Punjab,Dispensary,Jalandhar,"JALLANDHAR - DISP. NO. IV Medical Officer Incharge, ESI Dispensary, Ladowali Rd., Jallandhar",False,,,
1477,Punjab,Dispensary,Mansa,"ESI Dispensary, Civil Hospital, Distt- Mansa, Punjab",False,,,
1478,Punjab,Dispensary,Kotkapura,"ESI Dispensary, Focal Point, Kotkapura, Punjab",False,,,
1479,Punjab,Dispensary,Dina Nagar,"ESI Dispensary, Near Bus Stand, Dina Nagar, Punjab",False,,,
1480,Punjab,Dispensary,Taran,"ESI Dispensary, Civil Hospital Building, Taran Taran, Punjab",False,,,
1481,Punjab,Dispensary,Pathankot,"ESI Dispensary, Patel Nagar, Pathankot",False,,,
1482,Punjab,Branch Office,Abohar,"Dr. S.L. Phutela Building, Lajpat Nagar, Near Dr. Talwar Hospital, Sahitya Sadan, Abohar. Pin Code 152116",False,,,
1483,Punjab,Branch Office,Barnala,"ESIC, Trident Complex, Raikot Road, Barnala",False,,,
1484,Punjab,Branch Office,Bhatinda,"Branch Manager, ESI Corporation, H.No. 2977, Gali No. 4, Ajit Road, Near Old Bus Stand, BHATINDA",False,,,
1485,Punjab,Branch Office,Chandigarh,"Branch Manager, ESI Corporation, ESI Dispensary Complex, Sector 29, Chandigarh",False,,,
1486,Punjab,Branch Office,Kharar,"Branch Manager, ESI Corporation, Inside ESI Dispensary, Kurali Road, Kharar(PUNJAB)",False,,,
1487,Punjab,Branch Office,Lalru,"Branch Manager, ESI Corporation, Saini Market, LALRU(Punjab)",False,,,
1488,Punjab,Branch Office,Malerkotla,"Branch Manager, Branch Office, ESI Corporation, 1316, Ward No 8, Near Karbla Green Avenue, Dana Mandi Road, Near Dua Stand, Malerkotla",False,,,
1489,Punjab,Branch Office,Mandi Gobindgarh,"Branch Manager, ESI Corporation, ESI Dispensary, Chandani Road, Mandi Gobindgarh(Punjab)",False,,,
1490,Punjab,Branch Office,Moga,"Branch Manager, ESI Corporation, 181, Shanti Nagar, Near Sales Tax Office, Majestic Road, MOGA(Punjab)",False,,,
1491,Punjab,Branch Office,Mohali,"Branch Manager, ESI Corporation, ESI Hospital Complex, Industrial Area Phase-7, MOHALI(Punjab)",False,,,
1492,Punjab,Branch Office,Patiala,"Branch Manager, ESI Corporation, Kothi No. 17, 1st Floor, Gali No. 1, Devi Nivas, PATIALA",False,,,
1493,Punjab,Branch Office,Rajpura,"Branch Manager, ESI Corporation, H.No. 16 B, Gobind Colony, Rajpura(Punjab)",False,,,
1494,Punjab,Branch Office,Ropar,"Branch Manager, ESI Corporation, H.No. 26, Shaheed-e-Azam Bhagat singh Nagar, Near D.C. Residence, Ropar(Punjab)",False,,,
1495,Punjab,Branch Office,Amritsar,"Branch Manager, ESI Corporation, Japani Mills Gate, G.T. Road, Chheharta, AMRITSAR (PUNJAB)",False,,,
1496,Punjab,Branch Office,Amritsar,"Branch Manager, ESI Corporation, Majitha Road, Opp. ESI Hospital, AMRITSAR",False,,,
1497,Punjab,Branch Office,Jalandhar,"Branch Manager, ESI Corporation, ESI Dispensary No.4, Focal Point, Jalandhar(Punjab)",False,,,
1498,Punjab,Branch Office,Jalandhar,"Branch Manager, ESI Corporation, ESI Hospital Complex, Shaheed Udham Singh Nagar, Jalandhar",False,,,
1499,Punjab,Branch Office,Pathankot,"Patel Nagar, Gurdaspur Road, Pathankot, Punjab 145001",False,,,
1500,Punjab,Branch Office,Phagwara,"Branch Manager, ESI Corporation, Flat No. C1, ESIC Hospital Complex, Phagwara(Punjab)",False,,,
1501,Punjab,Branch Office,Ludhiana,"B.O Ind. Area, Focal Point PH-5, GT, Ambala Road Ludhiana",False,,,
1502,Punjab,Branch Office,Ludhiana,"BO - Kohara Road, Street No. 3, Machiwara Road Ludhiana",True,esic.gov.in,ESIC Branch Offices | Employees' State Insurance Corporation,https://www.esic.gov.in/branchs/index/page:44
1503,Punjab,Branch Office,Ludhiana,"Gill Road, Above Canara Bank, Miller Ganj Ludhiana",False,,,
1504,Punjab,Branch Office,Ludhiana,"BO-Sh Gurmeet Singh A209, ESI Corporation, Rahon Road, Near Indian Overseas Bank, Ludhiana",False,,,
1505,Punjab,Branch Office,Batala,"Branch Manager, ESI Corporation, Above Mortgage Bank, Near Bus Stand, BATALA",False,,,
1506,Punjab,Branch Office,Hoshiarpur,"Quarter NO. D-1, D3, Residential Quarters of ESI Hospital, Hoshiarpur",False,,,
1507,Punjab,Branch Office,Ludhiana,"BO - Giaspura, Swani Complex, 51 road Ludhiana",False,,,
1512,Rajasthan,Hospital,Bhiwadi,"ESIC Hospital, RIICO Industrial Area, Opp BKJ, Near Ajanta Chowk",False,,,
1513,Rajasthan,Hospital,Jaipur,"New Building ESIC 7th Floor, Model Hospital, Lakshmi Nagar Ajmer Road, Jaipur",False,,,
1514,Rajasthan,Hospital,Kota,Jhalawar Road,False,,,
1515,Rajasthan,Hospital,Bhilwara,Bapu Nagar,False,,,
1516,Rajasthan,Hospital,Jodhpur,"Kamla Nehru Nagar, Extension Scheme",False,,,
1517,Rajasthan,Hospital,Pali,Mandiya Road,False,,,
1518,Rajasthan,Hospital,Alwar,"ESIC Hospital, MIA, Itarana Road, Alwar, Rajasthan",False,,,
1519,Rajasthan,Dispensary,Kishangarh,"PINGLOW HSE, CITY ROAD, OPP INCOME TAX BUILDING, KISHANGHAR",False,,,
1520,Rajasthan,Dispensary,Ajmer,"ESI Dispensary No. 1, C/o Sh. Sudarshan Dutta, U-1 Plot No. 3, Ekta Nagar Road, Opposite 'RAM BHAWAN' Lohagal Road, Ajmer-305001",False,,,
1521,Rajasthan,Dispensary,Ajmer,"Old Address - DISP No 2, Sangram Bhawan, Isai Mohalla, Ajmer (New Address: ESIC Disp no. 2, Gandhi Bhawan, Old Satellite Hospital, Adarsh Nagar, AJMER)",False,,,
1522,Rajasthan,Dispensary,Matila,"ESI Dispensary, Matila, Alwar, Near Hem Dharam Kanta, (Shri Ram ki makan), Pincode-301018",False,,,
1523,Rajasthan,Dispensary,Neemrana,"P. N.12, NEW COLONY, BEHIND PANCHAYAT SAMITI, NEEMRANA",False,,,
1524,Rajasthan,Dispensary,Alwar,"ESI Dispensary-Khushkera, Goyal shopping complex, Tapukara tehsil Tijara, Distt. Alwar",False,,,
1525,Rajasthan,Dispensary,Alwar,"DISP 1, ESIC QUARTER, SOUTH WEST BOLCK, KALA KUA ALWAR",False,,,
1526,Rajasthan,Dispensary,Alwar,ESI Dispensary Matsya industrial Area No 2,False,,,
1527,Rajasthan,Dispensary,Beawar,"DEWAR COLLEGE ROAD, BEWAR",False,,,
1528,Rajasthan,Dispensary,Bharatpur,ESIC DESPENSARY Ranjeet Nagar,False,,,
1529,Rajasthan,Dispensary,Bharatpur,"Super bazar, near old power station",False,,,
1530,Rajasthan,Dispensary,Bhawani Mandi,"HHH ND HD GEDAM, BHAWANI MANDI",False,,,
1531,Rajasthan,Dispensary,Bhiwadi,RIICO Industrial area BHIWADI ALWAR,False,,,
1532,Rajasthan,Dispensary,Dholpur,"House of Shri Rakesh presher, Near Chama Gher PRATAP NAGAR COLONY, DHOLPUR",False,,,
1533,Rajasthan,Dispensary,Jaipur,"ESI Dispensary, Plot No. 50/51, Shivaji Nagar, Civil Lines",True,jaipurhospital.esic.gov.in,ESIC Dispensaries | Employees' State Insurance Corporation,https://jaipurhospital.esic.gov.in/dispensaries/index/clear-search
1534,Rajasthan,Dispensary,Jaipur,"ESI DISP. NO. 2, A 35, SHASTRI NAGAR, JAIPUR",False,,,
1535,Rajasthan,Dispensary,Jaipur,"DISP NO 3, RAMGANJ CHOPA, JAIPUR",False,,,
1536,Rajasthan,Dispensary,Jaipur,"DISP 4, ESI HOSP. CAMPUS, LAXMI NAGAR, AJMER RD JAIPUR",False,,,
1537,Rajasthan,Dispensary,Jaipur,"DISP 5, S-72, KRSINA MARG, SHWAD AREA BAPU NAGAR, JAIPUR",False,,,
1538,Rajasthan,Dispensary,Jaipur,"DISP 6 JHOTWARA, DHOMU PULIA, SIKAR RD, JPR",False,,,
1539,Rajasthan,Dispensary,Jaipur,"D-157, Kabir Marg, Durga Marg, Bani Park, Near collectorate, Jaipur",False,,,
1540,Rajasthan,Dispensary,Jaipur,"DIPS 8, ESI HOSP. CAMPUS, LAXMI NAGAR, AJMER RD JAIPUR",False,,,
1541,Rajasthan,Dispensary,Jaipur,Road No.9 Near 37 Dukan VKI Area,False,,,
1542,Rajasthan,Dispensary,Jaipur,"DISP 10, 2/18, MALVIYA NAGAR, JPR",False,,,
1543,Rajasthan,Dispensary,Jaipur,"DISP 11, NO.1167 /200, PRATAP NAGAR, HOUSING BOARD JAIPUR",False,,,
1544,Rajasthan,Dispensary,Kanota,"Smt. Kalawati Devi w/o Shri Dal Chand Ji, Behind Police Station, Khatiko ka Mohla, Agra Road, Kanota, Jaipur-303012",False,,,
1545,Rajasthan,Dispensary,Bagru,"Plot no 66, CHIKITSA RD, NARAYAN NAGAR, RIICO INDL AREA, BAGRU, JAIPUR",False,,,
1546,Rajasthan,Dispensary,Kota,"DISP 1, INDL AREA, KOTA",False,,,
1547,Rajasthan,Dispensary,Kota,"DISP 2 & 3, ESI HOSPITAL CAMPUS, Jhalawar Road, KOTA",False,,,
1548,Rajasthan,Dispensary,Kota,ESI Hospital Campus Jhalawar Road Kota,False,,,
1549,Rajasthan,Dispensary,Makrana,"SAYED MAUQHTAR ALI KAGHAWAN NOORANI COLONY, HOTEL PRESIDENT KE BEHIND, MAKRANA",False,,,
1550,Rajasthan,Dispensary,Reegus,"SH DT CHULETA HOUSE BUS STAND, REEGUS",False,,,
1551,Rajasthan,Dispensary,Bhilwara,"ESI Dispensary-1, Pratap nagar",False,,,
1552,Rajasthan,Dispensary,Bhilwara,"ESI Dispensary-2, Ramsnehi Road",False,,,
1553,Rajasthan,Dispensary,Bhilwara,"DISP 4, ESI HOSPITAL CAMPUS, Bapu Nagar",False,,,
1554,Rajasthan,Dispensary,Gulabpura,"c/o Giyan Swaroop Jain, Tushar Villa, Adinath Colony, Bhilwara Road, Gulabpura",False,,,
1555,Rajasthan,Dispensary,Gangapur,"Kendriya Parisadan Parisar GANGAPUR GEN HOSP PREMISES, GANGAPUR, Bhilwara",False,,,
1556,Rajasthan,Dispensary,Udaipur,"DISP 1, ASHOK NAGAR, UDAIPUR",False,,,
1557,Rajasthan,Dispensary,Udaipur,"DISP 2, NEAR KHICHI IND. INDL AREA, MADRI, UDAIPUR",False,,,
1558,Rajasthan,Dispensary,Sukher,"DISP 4, MIA RATHHPURA NADIA ROAD, SUKHER, UDAIPUR",False,,,
1559,Rajasthan,Dispensary,Udaipur,"Paliwal Colony, Airport Road, Dabok, Udaipur",False,,,
1560,Rajasthan,Dispensary,Chittorgarh,Industrial Area Chanderia,True,nta.esic.gov.in,ESIC Dispensaries | Employees' State Insurance Corporation,https://nta.esic.gov.in/dispensaries
1561,Rajasthan,Dispensary,Dungarpur,"ESIC Dispensary, Old General Hospital, Just Near the old location, Dungarpur",False,,,
1562,Rajasthan,Dispensary,Kankroli,"BHILWARA ROAD, KANKROLI RAJSAMAND",False,,,
1563,Rajasthan,Dispensary,Gunjol,"SH. KISHAN LAL SHARMA KA MAKAAN, NER PANCHAYAT SAMITI, NEW AABADI, V-GUNJOL, THE-NATHDWARA RAJSAMAND, GUNJOL",False,,,
1564,Rajasthan,Dispensary,Udaipur,"ESI Dispensary, Shri Abhishek jain ka makan, Mahaveer Nagar, Rishabhdev, Udaipur",False,,,
1565,Rajasthan,Dispensary,Banswara,"ESIC Dispensary, Silver Plaza, Near SBH Bank, New Nathalay bldg, Dahod Road, Banswara",False,,,
1566,Rajasthan,Dispensary,Jodhpur,"DISP 1, OPP MEDICAL CLG, JODHPUR",False,,,
1567,Rajasthan,Dispensary,Jodhpur,ESI Disp No. 2 House no. 10 Maderna Colony 1st Puliya Bhadavsiya Road Jodhpur PIN-342007,False,,,
1568,Rajasthan,Dispensary,Jodhpur,"DISP 3, BASNI, JODHPUR",False,,,
1569,Rajasthan,Dispensary,Jodhpur,"DISP 4, KAMLA NEHRU NAGAR, 1ST EXTENSION SCHEME, JODHPUR",False,,,
1570,Rajasthan,Dispensary,Jodhpur,"SH. BHIKHA RAM HOUSE, MAIN CHOWK, CHURAHA ROAMADA JODHPUR",False,,,
1571,Rajasthan,Dispensary,Pali,"DISP 1, JODHPUR RD, Near LML maruti showroom PALI",False,,,
1572,Rajasthan,Dispensary,Pali,"DISP 2, JODHPUR RD, Mahaveer Nagar near BSNL office, PALI Mandiya Road",False,,,
1573,Rajasthan,Dispensary,Bikaner,"DISP 1, BIKANER KOLAYAT ROAD, BIKANER",False,,,
1574,Rajasthan,Dispensary,Bikaner,"DISP 2, RANI BAZAR, INDL AREA, BIKANER",False,,,
1575,Rajasthan,Dispensary,Sirohi,"RIICO INDL AREA, RD NO 6, ABU RD, SIROHI",False,,,
1576,Rajasthan,Dispensary,Hanumangarh,"ESI Dispensary, opp Central Warehouse",False,,,
1577,Rajasthan,Dispensary,Shri Ganganagar,"LABOUR COLONY S, GANGANAGAR",False,,,
1578,Rajasthan,Dispensary,Shri Ganganagar,"OPP WEATHER DEPT, KHEENCHI CHOWK, S GANGANAGAR",False,,,
1579,Rajasthan,Dispensary,Pali,"DISP., FALNA, PALI",False,,,
1580,Rajasthan,Dispensary,Tonk,"H. NO. 511, KALI PALTAN, NEAR KRISHI UPAL, AGARWAL BHAWAN, TONK",False,,,
1581,Rajasthan,Dispensary,Jaipur,"Esi Dispensary, Bank and Post office Building, RIICO Industrial area, Kukas, Dist. Jaipur",False,,,
1582,Rajasthan,Dispensary,Balotra,Shri Jain Shwetamber Terapanthi Sabha Bhawan Balotra,False,,,
1583,Rajasthan,Dispensary,Jaipur,"SH. RAM KISHOR YADAV KA MAKAAN, AHIRO KI DHANII, BUS STAND KE PAS, JAITPURA, VAYA CHOMU, JAIPUR JAITPURA",False,,,
1584,Rajasthan,Dispensary,Jhunjhunu,ESIC Model dispensary cum diagnostic center (MDDC) Aabasan/krishi farm Near Neer colony station road Jhunjhunu - 333001,False,,,
1585,Rajasthan,Dispensary,Bikaner,"ESI DISP., Plot No: A-9, SNNB, Residential Colony, Industrial Area, Bichhwal, Bikaner",False,,,
1586,Rajasthan,Dispensary,Jaisalmer,"ESI Disp. Jaisalmer C/O Sh. Mergaj Singh Dhati 424, Ashavanshi Colony, Jaisalmer",False,,,
1587,Rajasthan,Dispensary,Udhyogvihar,"ESI Disp. Udhyogvihar, C/o Sh. Naranjanlal, A-1, Bank Colony, Manamargram Road, Near Khemka Farm House, Shri Ganganagar",True,nta.esic.gov.in,ESIC Dispensaries | Employees' State Insurance Corporation,https://nta.esic.gov.in/dispensaries
1588,Rajasthan,Branch Office,Behror,"C/O Surender Singh, Yadav Bhawan, Jagatwar chowk karpass, NH-8, Behror, Alwar-301701",False,,,
1589,Rajasthan,Branch Office,Beawar,"Panchdeep Bhawan, Tat Garh Road,",False,,,
1590,Rajasthan,Branch Office,Bhiwani,"Panchdeep Bhawan, Ricco Industrial Area, Raghwadhar Road",False,,,
1591,Rajasthan,Branch Office,Bharatpur,"Panchdeep Bhawan, E.S.I. Complex, B Block, Ranjeet Nagar",False,,,
1592,Rajasthan,Branch Office,Jaipur,"55/105, Pratap Nagar Housing Board Colony, Tonk Road, Jaipur",False,,,
1593,Rajasthan,Branch Office,Jaipur,"Nehru Place, Tonk road Jaipur",False,,,
1594,Rajasthan,Branch Office,Jaipur,"Road No. 9, Near 37, Shop, Vishkarma Ind.",False,,,
1595,Rajasthan,Branch Office,Ajmer,"Panchdeep Bhawan,Behind Kar Bhawan, Todar Mal Marg",False,,,
1596,Rajasthan,Branch Office,Kota,"Panchdeep Bhawan, Udyog Nagar, Near Police Station, KOTA",False,,,
1597,Rajasthan,Branch Office,Kishangarh,"Dose Building, Near Manish Hotel, Ajmer Road, Madanganj",False,,,
1598,Rajasthan,Branch Office,Bhiwadi,"Panchdeep Bhawan, Phull Bagh, Rico Industrial Area, Bhiwadi ALWAR",False,,,
1599,Rajasthan,Branch Office,Alwar,"Panchdeep Bhawan, Manzal vihar, Opp. All India Radio",False,,,
1600,Rajasthan,Branch Office,Jaipur,"Kamdhenu Complex, Ajmer Road",False,,,
1601,Rajasthan,Branch Office,Bhilwara,"Panchdeep Bhawan, Near E.S.I Dispensary No 1, Pratap Nagar, Pur Road",False,,,
1602,Rajasthan,Branch Office,Gulabpura,"Sugan Chand Jain Ka Nakra, Near Jain Hostel, Bhilwara Road",False,,,
1603,Rajasthan,Branch Office,Udaipur,"C/o Pannalaji Purohit, Pragya Rashmi Apartment, 1st Chetak Road, Udaipur",False,,,
1604,Rajasthan,Branch Office,Chittorgarh,"C/o Girdharilal 21/5, Kumbha Nagar, Mahesh Bhawan Ke Samne",False,,,
1605,Rajasthan,Branch Office,Banswara,"Hemant Sadan, College Road,",False,,,
1606,Rajasthan,Branch Office,Udaipur,"Panchdeep Bhawan Hiran Magri, Sec 4, Tagore Nagar",False,,,
1607,Rajasthan,Branch Office,Jodhpur,"Panchdeep Bhawan, Opp. Sati Mata Ka Than, Airforce Road",False,,,
1608,Rajasthan,Branch Office,Pali,"ESIC Branch Office, Mahaveer Udhyog Nagar, Mandia Road, Pali",False,,,
1609,Rajasthan,Branch Office,Bikaner,"Panchdeep Bhawan, Jassusar road",False,,,
1610,Rajasthan,Branch Office,Abu,"A 130, RHB Housing, Board Colony ABU ROAD (New addres-B-48, RHB Housing Colony, Aburoad)",False,,,
1611,Rajasthan,Branch Office,Hanumangarh,"Plot NO. 215, New Dhan Mandi, Ganganagar Road, Hanumangarh Junction",False,,,
1612,Rajasthan,Branch Office,Sriganganagar,"Panchdeep Bhawan, Near Microwave Tower",False,,,
1617,Telangana,Hospital,Hyderabad,"Med Superintendent, ESIC Model Hospital, Nacharam, Hyderabad-500076.",False,,,
1618,Telangana,Hospital,Sanathnagar,"ESI Super Specialty Hospital, Opp to B. K. Guda park, Sanathnagar, Hyderabad-500 038",True,sanathnagarhospital.esic.gov.in,"ESIC Hospital, Sanathnagar, Telangana | Employee's State Insurance ...",https://sanathnagarhospital.esic.gov.in/
1619,Telangana,Hospital,Adilabad,"Med Superintendent, ESI Hospital, Sirpurkaghaznagar 504 296, Adilabad distt.",False,,,
1620,Telangana,Hospital,Sanathnagar,"ESIC Medical College Hospital, Sanathnagar Hyderabad Hyderabad-500038",False,,,
1621,Telangana,Hospital,Jeedimetla,"ESI Diagnostic center cum Dispensary, Shapur nagar 'X' road, HMT, Jeedimetla",False,,,
1622,Telangana,Hospital,Medak,"Med Superintendent, ESI Hospital, Ramachandrapuram 502 032, Medak district",False,,,
1623,Telangana,Hospital,Nizamabad,"In Charge-Civil Surgeon, ESI Diagnostic Centre, Nizamabad-503 002",False,,,
1624,Telangana,Hospital,Warangal,"Med Superintendent ESI Hospital, Labour Colony, Warangal-506 013",False,,,
1625,Telangana,Dispensary,Adilabad,"Bellampally ""X"" Roads,, Mancherial, Adilabad Dist 504 208",False,,,
1626,Telangana,Dispensary,Adilabad,"H No 8-1-76/146, Post: Venkatapur, Nirmal, Adilabad Dist-504 106",False,,,
1627,Telangana,Dispensary,Adilabad,"ESI Hospital Campus, SPM Colony, Sirpurkagaznagar,, Dist. Adilabad-504 296",False,,,
1628,Telangana,Dispensary,Chikkadapally,"1-8-522/27&27/1, Beside Jai Mahaveer Colour Lab, Chikkadapally, Hyd-20.",False,,,
1629,Telangana,Dispensary,Hyderabad,"D.No 9-4-193/12, Near Golconda Fort, Hyd-08",False,,,
1630,Telangana,Dispensary,Hyderabad,"H. No: 20-4-120/87/1, Haveli manji begam, sha Ali Banda road, near Charminar, 500005",False,,,
1631,Telangana,Dispensary,Hyderabad,"H No: 3-11-717/1, Opp: Thaggijail, Nimboladda, Kachiguda, Hyderabad",False,,,
1632,Telangana,Dispensary,Hyderabad,"D No 11-2-360, Opp: Govt. Hospital Nampally, Hyderabad, Hyd-01",False,,,
1633,Telangana,Dispensary,Kukatpally,"D.No.858, MIG(L), APHB Colony, Kukatpally Hyd-72.",False,,,
1634,Telangana,Dispensary,Hyderabad,"Door No. 16-11-20/5, Saleem nagar colony, Opp: KGH Hospital, Malakpet Hyderabad.",False,,,
1635,Telangana,Dispensary,Secunderabad,"H.NO 21-15/2, first floor, shiva puri nagar, 7K nagar bus stop sec'bad-47(Malkajgiri)",False,,,
1636,Telangana,Dispensary,Sanathnagar,"ESI Hospital Campus, Sanathnagar-I, Hyderabad-38 (New Address-H. No: 7-1-282/ C88, Near MCH Park, B.K.Guda, SanathNagar-38)",False,,,
1637,Telangana,Dispensary,Hyderabad,"Block - A+ 11, ESIC staff Quarters, Near ESIC Hospital, Erragada, S.R. Nagar P.O, Hyderabad-500038",False,,,
1638,Telangana,Dispensary,Habsiguda,"H.No 7-73, Ground and First floor, Street no 8, Nagendra nagar colony, Habsiguda, Hyderabad.",False,,,
1639,Telangana,Dispensary,Hyderabad,"Door No. 1-9-820 & 821, Adikmet Vidyanagar, Hyderabad.",False,,,
1640,Telangana,Dispensary,Medak,"H No 8-70, Near Police Station, IDA Bollaram, Medak District 502325",False,,,
1641,Telangana,Dispensary,Bonthaplly,"D NO: 11-71, BEHIND MASJID, GUMMADIDALA, BONTHAPALLI, MEDAK DIST. (both are same location just 500 meters distance E.S.I. Dispensary Bonthapally, (v)&(M) District Sangareddy, Telangana)",False,,,
1642,Telangana,Dispensary,Medak,"No.8-54, 1st Floor, Isnapur X Roads, Medak Dist 502 300",False,,,
1643,Telangana,Dispensary,Medak,"Near Rly Station, Patancheru, Medak Dist 502 319",False,,,
1644,Telangana,Dispensary,Hyderabad,"ESI Hospital Ramachandrapuram Campus, Patigherapur, Medak Dist-502 032 (New Address-H.No. 4-45/2, Vasavi Nagar colony, opposite Sangeeth theatre, RC puram main road Hyderabad)",False,,,
1645,Telangana,Dispensary,Sadasivpet,"3/83/10/1, Guru Nagar Colony, N.H. Road No.9, Sadasivpet, Medak Dist 502 291 (New Address-Plot No.6, Behind Market yard, Near Hanuman Temple, Sadasivpet, Medak Dist)",True,nta.esic.gov.in,ESIC Dispensaries | Employees' State Insurance Corporation,https://nta.esic.gov.in/dispensaries
1646,Telangana,Dispensary,Shabadpally,"H.No.4-95/A, Near Pothurajupally at Tengina, Shabadpally, Medak Dist-502 334",False,,,
1647,Telangana,Dispensary,Zaheerabad,"D.No.1-6-25, Beside Sithu Mandir, Battagiri colony, Zaheerabad, Medak District - 502 220",False,,,
1648,Telangana,Dispensary,Bibinagar,"H No 5-112, Near Harika Public School, Bibinagar, Nalgonda Dist-508 126 (New Address-H.No.8-138/1, Teachers colony, Bibinagar, Dist. Nalgonda)",False,,,
1649,Telangana,Dispensary,Choutuppal,"H.No.3-673/4, Choutuppal, Nalgonda Dist-508 252 (New Address - H.no.5-35, Kondur Road, Choutuppal Dist., Nalgonda)",False,,,
1650,Telangana,Dispensary,Bhongiri,"Street, Opposite to Treasury Office Hanumanwada Bhongir, Nalgonda Dist-508 121 (New Address-H.No.1-1-140/7, Someshwarapur, Bhongiri Dist. Nalgonda)",False,,,
1651,Telangana,Dispensary,Fatehnagar,"H No 5-10-6/D, Vinayak Nagar, Fatehnagar, Balanagar, R.R. Dist - 500 042",False,,,
1652,Telangana,Dispensary,Cherlapally,"D No 1-6-8/13, N.R. Sadar, Sri Ram Nagar Colony, Annapuram Kapra, Cherlapally, R.R.Dist",False,,,
1653,Telangana,Dispensary,Kattedan,"H No 8-13-4/1/a, Ganesh Nagar, Kattedan, R.R.Dist, 77",False,,,
1654,Telangana,Dispensary,Medchal,"D No 5-217 Opp: Z P Boys High School, Medchal, R.R. Dist 501 401 (JLS Arcade, Plot No: 58A, Vinayak Nagar 2, Opp to Gas pipeline, Medchal, R.R.Dist 501 401)",False,,,
1655,Telangana,Dispensary,Alwal,"No. 160/3, Rudra Road, Lothukunta, Alwal, Sec-10",False,,,
1656,Telangana,Dispensary,Secunderabad,"12-5-35/1/17&18, Bathkammalavunta, Vijayapuri colony, southlalaguda, sec-bad (Moulali)",False,,,
1657,Telangana,Dispensary,Secunderabad,"H. No 1-13-2/2, Sai Nagar, Balam Rai, Near Paradise, Secunderabad-500003",False,,,
1658,Telangana,Dispensary,Shamshabad,21-188/A Madhura nagar santhosh redny complex shamshabad,False,,,
1659,Telangana,Dispensary,Karimnagar,"H.No 1-68/2 Ramu Mandir Area Gasanthmangar, Karimnagar Dist 505 187",False,,,
1660,Telangana,Dispensary,Hayathnagar,"D.No 11-21, Koheda-X Road, Sanghi Nagar Post, Hayathnagar Mandal, Koheda, R.R. Dist",False,,,
1661,Telangana,Dispensary,Mahaboobnagar,"ESI Dispensary, H.NO: 1-10-95/1, S.S Gutta X Road, Mahaboobnagar-509 002",False,,,
1662,Telangana,Dispensary,Mahaboobnagar,"H.no 1-1/2, Penjerla 'x' roads, Kothur IDA, Kothur bypass road, Mahaboobnagar Dist. 509 228",False,,,
1663,Telangana,Dispensary,Nizamabad,"ESI Diagnostic Centre compound, Shivajinagar, Dist Nzb-503 001",False,,,
1664,Telangana,Dispensary,Nizamabad,"H No 5-6-112, Subash Nagar, Yellammagutta, Nizamabad-Dist-503001",False,,,
1665,Telangana,Dispensary,Ramagundam,"Old Health (Medical) Center, Notice Radio Station NTPC, Ramagundam",False,,,
1666,Telangana,Dispensary,Warangal,"Beside SSS Apartment Building, LD Nagar, Girmajipet, Warangal 506002 (New Address-H.No.11-10-2130, Vivekananda Nagar, Kashibugga, Dist. Warangal, Samnupet)",False,,,
1667,Telangana,Dispensary,Warangal,"H No 3-9-608, Reddy Colony, Hanamkonda, Dist. Warangal-506 001",False,,,
1668,Telangana,Dispensary,Warangal,"ESI Hospital Campus, Industrial Colony, Warangal (with DI Row Address-ESI hospital building, Industrial Colony, Warangal-506 013)",False,,,
1669,Telangana,Dispensary,Warangal,"16-1-10, at Railway gate, Karimabad, Warangal",False,,,
1670,Telangana,Dispensary,Mahaboobnagar,"H. No: 1/77 & 1/78, located at backside of Muncipal court, (Signal gadda area) Badepally (V), Jadcherla Mandal, Mahaboobnagar-509302.",False,,,
1671,Telangana,Dispensary,Hyderabad,"ESI Dispensary, Rajanagar (old), H.NO: 6-1-1/A, Near Sobha Theatre, Raju colony, near lions club building, Hyderabad-4",False,,,
1672,Telangana,Dispensary,Goshamahal,"11-2-555/2/A-C, Seetharam Bagh, Near Darguda Kaman, Goshamahal, Hyd-01",True,esic.gov.in,ESIC Dispensaries | Employees' State Insurance Corporation,https://www.esic.gov.in/dispensaries
1673,Telangana,Dispensary,Karwan,"11-2-555/2/A-1, above Seetharam Bagh, Near Darguda, Karwan, Hyd-01",False,,,
1674,Telangana,Dispensary,Musheerabad,"Door No.4-4-5/8, Opp: Gandhi Hospital(New), Kawadiguda Road, Musheerabad, Sec'bad - 03",False,,,
1675,Telangana,Dispensary,Hyderabad,"11-2-555/2/4/1, Seetharam Bagh, Near Darguda kaman, Nampally, Hyd-01",False,,,
1676,Telangana,Dispensary,Ramanthapur,"New address: H. no. 3-4-104/T6, Laxmi Nagar street No 8, Ramanthapur",False,,,
1677,Telangana,Dispensary,Ramanthapur,"New address: H. no. 3-4-104/T6, Laxmi Nagar street No 8, Ramanthapur",False,,,
1678,Telangana,Dispensary,Hyderabad,"Near B.K Guda park, Behind the compound wall of ESI Hospital Sanathnagar Hyderabad",False,,,
1679,Telangana,Dispensary,Jeedimetla,"Industrial Area, Shapur, Opp: Police Station, Jeedimetla, R.R.Dist. 54",False,,,
1680,Telangana,Dispensary,Musheerabad,"Door No.6-1-6/8, Opp: Gandhi Hospital (New), Kawadiguda, Musheerabad, Sec'bad - 03",False,,,
1681,Telangana,Dispensary,Surampaka,"New Address - H. No: 2-88, vasa Building, Panchayat Office Road, Serapaka, Burgampaka, Dist:- Khammam-507111",False,,,
1682,Telangana,Dispensary,Mahaboobnagar,"H.NO: C-811/1, BACK SIDE OF SBH BANK, BALANAGR, Mahaboobnagar",False,,,
1683,Telangana,Dispensary,Seetharampur,"H NO 13-83, SIKH BAZAR, SEETHARAMPUR, Miryalaguda, Dist: Nalgonda",False,,,
1684,Telangana,Dispensary,Shameerpet,"H NO: 1-20/1, ALWALDX ROAD, SHAMEERPET, MEDCHAL DIST 500014",False,,,
1685,Telangana,Dispensary,Hyderabad,"IDA CHERLAPALLY, PHASE-2, SECTOR-2, NEAR SURANA INDUSTRIES, Hyd.",False,,,
1686,Telangana,Branch Office,Nalgonda,"Sy.no: 598/A, opp: telex building, bibinagar village and mandal, dist: Nalgonda-508126 (both are same location just 100 meters distance)",False,,,
1687,Telangana,Branch Office,Hyderabad,"Branch Manager, Branch Office, ESI Corporation, c/o M. Shanta Reddy, 1st Floor, Besides RTC Bus Stop, Ferozguda, Balanagar(New Address-Branch Manager, Branch Office, ESI Corporation, Fatehnagar, Balanagar, Hyderabad-500018)",False,,,
1688,Telangana,Branch Office,Hyderabad,"Branch Manager, Branch Office, ESI Corporation, E.S.I Hospital Premises, S.R Nagar, Kukatpally, Hyderabad-500038 (New Address-Branch Manager, Branch Office, ESI Corporation, Plot No. HIG268, KPHB Colony 6th Phase, Kukatpally, Hyderabad-500038)",False,,,
1689,Telangana,Branch Office,Hyderabad,"Branch Manager, Branch Office, ESI Corporation, D.No.3-4-152, First Floor, Opp. Anjaneya Swamy Temple, L.B. Nagar, Hyderabad-500 035",False,,,
1690,Telangana,Branch Office,Hyderabad,"Branch Manager, Branch Office, ESI Corporation, DIMS Office Premises, Musheerabad, Hyderabad-500003 (Chikkadapally)",False,,,
1691,Telangana,Branch Office,Hyderabad,"Branch Manager, Branch Office, ESI Corporation, E.S.I Hospital Premises, Sanathnagar, Hyderabad-500018 (New Address-Branch Manager, Branch Office, ESI Corporation, Plot No 54, Opp Sundhar Nagar community hall, Sanathnagar, Hyderabad-500018)",False,,,
1692,Telangana,Branch Office,Hyderabad,"Branch Manager, Branch Office, ESI Corporation, Plot No. 75, Raghvendra Nagar Colony, Shivamroad, Hyderabad-500077",False,,,
1693,Telangana,Branch Office,Jeedimetla,"Branch Manager, Branch Office, ESI Corporation, Beside HMT Overhead Water Tank, Jeedimetla-500055",False,,,
1694,Telangana,Branch Office,Hyderabad,"Branch Manager, Branch Office, ESI Corporation, H N Sai Reddy, 1st Floor, Door No: 7-5-59/13/2, Wd No 73, RC Reddy Nagar, RC Puram, Hyderabad (Patancheru)",False,,,
1695,Telangana,Branch Office,Kompally,"The Manager, Branch Office, ESI Corporation, No.1, Central Park, VVS Anandha Layout, Near Kompally, Ranga Reddy District",False,,,
1696,Telangana,Branch Office,Sadasivapet,"Branch Manager, Branch Office, ESI Corporation, H.No 3-8-1/12, Beside SBI, Sadasivpet-502291 (New add-Sm. Chinta Padma, H No 3-8-121, Beside Bombay Talkies, Sy No 108, Rehmath Nagar, Sadasivapet)",False,,,
1697,Telangana,Branch Office,Secunderabad,"Branch Manager, Branch Office, ESI Corporation, H.No. 12-13-195/6, Lane-9, Street No. 14 Nagarjuna Nagar Colony, Tarnaka Secunderabad - 500017.",False,,,
1698,Telangana,Branch Office,Mahaboobnagar,"Branch Manager, Branch Office, ESI Corporation, H.No. 1-4-131/15/1, Mettugadda, Mahaboobnagar-509002",False,,,
1699,Telangana,Branch Office,Nizamabad,"Branch Manager, Branch Office, ESI Corporation, E.S.I. Hospital Compound, Nyalkal Road, Nizamabad-503001",True,esic.gov.in,Branch Offices( BO) | Employee's State Insurance Corporation ... - ESIC,https://www.esic.gov.in/karnataka
1700,Telangana,Branch Office,Ramagundam,"Branch Manager, Branch Office, ESI Corporation, E.S.I.Dispensary Compound, Ramagundam 505 208",False,,,
1701,Telangana,Branch Office,Sirpurkaghaznagar,"Branch Manager, Branch Office, ESI Corporation, E.S.I Hospital Premises, II Set, Sirpurkaghaznagar-504296",False,,,
1702,Telangana,Branch Office,Warangal,"Branch Manager, Branch Office, ESI Corporation, E.S.I Hospital Compound, Labour Colony, Warangal-506013",False,,,
1713,TN,Hospital,Chennai,"Esi hospital, Ayanavaram, CHN-23",False,,,
1714,TN,Hospital,Chennai,"KK nagar, Esi hospital, Chn-78",False,,,
1715,TN,Hospital,Hosur,"ESI Hospital, Hosur, Sipcot, Hosur-635126",False,,,
1716,TN,Hospital,Madurai,"Madurai - ESI Hospital, Thathaneri, Madurai - 18",False,,,
1717,TN,Hospital,Salem,"ESI Hospital, Kolapatty, Salem",False,,,
1718,TN,Hospital,Trichy,"E.S.I.Hospital, Milaguparai, Trichy, Tamilnadu",False,,,
1719,TN,Hospital,Vellore,"E.S.I.Hospital, Vellore - 632001, Vellore District",False,,,
1720,TN,Hospital,Virdhunagar,"Govt. ESI Hospital, Sivakasi 626124, Virudhunagar District",False,,,
1721,TN,Hospital,Tirunveli,"ESIC Tirunveli Hospital, Salai street, vannar Pettai, Tirunelveli - 627003",False,,,
1722,TN,Hospital,Coimbatore,"ESI Hospital, Varadharajapuram, Singanallur, Coimbatore",False,,,
1723,TN,Dispensary,Tirunelveli,"ALANGULAM 1/103, main rd, alangulam",False,,,
1724,TN,Dispensary,Vellore,"AMBUR,71, sakachar dhar street, Ambur-635802",False,,,
1725,TN,Dispensary,Theni,"ESI Dispensary, Thangasilla nagar, opposite GH, Andipatti-626512",False,,,
1726,TN,Dispensary,Chennai Outer,"K.Kumutha w/o Dr. Narasing mala, MIG-1A/1, TNHB, Jothi nagar, Arakonam-631001. Land mark: near taluk office",False,,,
1727,TN,Dispensary,Chennai Outer,"ARANI, 29/A, Subramania shauri street, Arani-632301.",False,,,
1728,TN,Dispensary,Kanyakumari,"ESI Dispensary, 10/50, VOC street, Vadakakkur, aralvoimozhi, KK dist-629 301",False,,,
1729,TN,Dispensary,Salem,"ATTUR, 196-A, Dr.Amaldasamy rd, Gandhipuram, Attur-636102",False,,,
1730,TN,Dispensary,Avinashi,"Old No.2/22M, New No.177/3, Avinashilingampalayam Street, Kaikattipudur Post, Avinashi",False,,,
1731,TN,Dispensary,Madurai,"AVANIAPURAM, 3/18-1, Melur main rd, palathur, perbagalur-625104",False,,,
1732,TN,Dispensary,Chennai,"ESI dispensary, Ambattur-I, MTH RD, Ambattur, chn-600053.",False,,,
1733,TN,Dispensary,Chennai,"ESI dispensary, Ambattur-II, MTH RD, Ambattur, chn-600053.",False,,,
1734,TN,Dispensary,Chennai,"Mount Road Dispensary, IGMOHR, Sathyamurty RD, Chepaut, chn-600001",False,,,
1735,TN,Dispensary,Chennai,"ESI dispensary, AVADI, MTH RD, Avadi, chn-600054",False,,,
1736,TN,Dispensary,Chennai,"IGMOHR, Sathyamurty RD, Chepaut, chn-600001",True,esic.gov.in,"Dispensaries | Employee's State Insurance Corporation, Ministry ... - ESIC",https://www.esic.gov.in/dispensaries-tamil-nadu
1737,TN,Dispensary,Chennai,"HARBOUR, 39, Ayyapa Naicken Street, geortge town, Chn-600001",False,,,
1738,TN,Dispensary,Erode,"ESI Dispensary, No. 25, East new street, Chennimalai-638051.",False,,,
1739,TN,Dispensary,Chennai,"KILPAUK-I, No-1, Kilapuk garden rd, CHN-600010",False,,,
1740,TN,Dispensary,Chennai,"KODUNGAIYUR, 100, 3rd Main rd, M.R Nagar, kodungaiyur, CHN-600118",False,,,
1741,TN,Dispensary,Chennai,"KONDITHOPE-I, 86, Basin Bridge Road, kondithope, CHN-600001",False,,,
1742,TN,Dispensary,Chennai,"KORATTUR, Periyar Nagar, 2nd Street, korattur, CHN-600080",False,,,
1743,TN,Dispensary,Chennai,"MANALI, No.9, Anghar ma street, 5th lane, manali, CHN-600068",False,,,
1744,TN,Dispensary,Chennai,"MINJUR, 3, gandhi Rd, minjur, Chennai-Ponneri taluk",False,,,
1745,TN,Dispensary,Chennai,"NANADAMBAKKAM, 1 & II, surgical instrument Plant colony, C-N-89",False,,,
1746,TN,Dispensary,Chennai,"PALLAVARAM, GST Road, Chrompet, CHN-600044",False,,,
1747,TN,Dispensary,Chennai,"ESI dispensary, CHOOLAI, 128, Anjalamman koil street, Pattalam, chn-600112",False,,,
1748,TN,Dispensary,Chennai,"PERAMBUR-I, 90, Perambur High Road, CHN-600012",False,,,
1749,TN,Dispensary,Chennai,"PERAMBUR-II, 90, Perambur High Road, CHN-600012",False,,,
1750,TN,Dispensary,Chennai,"6/04, avadi road, senneerkuppam, poonamallee, chennai-56",False,,,
1751,TN,Dispensary,Chennai,"RHD HILLS, GST Road, Red Hills at Puzhal, Chennai-600066",False,,,
1752,TN,Dispensary,Chennai,"SAIDAPET-I, No: 7, Kumaran street palavanthangal chennai-600114",False,,,
1753,TN,Dispensary,Chennai,"SAIDAPET-II, Reasons Park, Saidapet, CHN-600015",False,,,
1754,TN,Dispensary,Chennai,"SEMBIUM, Near Thiru-vi-ka nagar, sembium, CHN-11",False,,,
1755,TN,Dispensary,Chennai,"TAMBARAM, Mudichur rd, Tambaram, CHN-600045",False,,,
1756,TN,Dispensary,Chennai,"ESI dispensary, ADYAR, No-3, Thiruvallur street, thiruvanmiyur, chn-600041 (New address-ESI dispensary AdyarSholinganallur)",False,,,
1757,TN,Dispensary,Chennai,"THIRUVOTTIYUR, 178, Thiruvottiyur high rd, CHN-600019",False,,,
1758,TN,Dispensary,Chennai,"TONDIARPET-I, 18/1, Kummalamman koil street, Tondiarpet, CHN-81",False,,,
1759,TN,Dispensary,Chennai,"Sunkuvar Agraharam st., Triplicane, Chennai",False,,,
1760,TN,Dispensary,Chennai,"KODAMBAKKAM, No 69 4th Avenue, Ashok nagar, chennai-600083",False,,,
1761,TN,Dispensary,Chennai,"VILLIVAKKAM-I/II/21, Reddy street, villivakkam, CHN-600049",False,,,
1762,TN,Dispensary,Coimbatore,"1/356, CHINNIYAMPALAYAM, AVINASHI ROAD, CHINNIAMPALAYAM, COIMBATORE-641602",False,,,
1763,TN,Dispensary,Coimbatore,"GANAPATHY, Dr Radhakrishnan Road, 9th Street Corner, Tatabad, Coimbatore-641012",True,sulekha.com,"ESI Dispensaries in Ganapathy, Coimbatore-641012 - Sulekha",https://www.sulekha.com/esi-dispensaries-ganapathy-coimbatore-contact-address
1764,TN,Dispensary,Coimbatore,"KARAMADAI, 54-D, M.T.C Road, Coimbatore",False,,,
1765,TN,Dispensary,Coimbatore,"KATTOOR-I, 77-5A, Near Tamilnadu hotel, coimbatore-641018",False,,,
1766,TN,Dispensary,Coimbatore,"ESI Corporation, Panchdeep Bhawan, Kaaleswara Nagar, Kattoor, COIMBATORE-641009",False,,,
1767,TN,Dispensary,Coimbatore,"MADATHUKULAM, 182/91, MAIN ROAD, MADATHUKULAM, COIMBATORE-642113",False,,,
1768,TN,Dispensary,Coimbatore,"604A, Teachers colony, near CRC depot, Karamadai road, mettupalayam",False,,,
1769,TN,Dispensary,Coimbatore,"No.1/205, Thamaraikulam, Pollachi Main road, Pollachi TK",False,,,
1770,TN,Dispensary,Coimbatore,"ONDIPUDUR, 400, Trichy road, ondiput post, coimbatore-641016.",False,,,
1771,TN,Dispensary,Coimbatore,"CHETTIPALAYAM ROAD, 1/114 PALANISAMY NAGAR, UNIVERSAL RADIATOR OPP, COIMBATORE-641050",False,,,
1772,TN,Dispensary,Coimbatore,"NEW ADDRESS: ESI dispensary, periyar nagar, near d.s.o office, west palladam, tirupur district, palladam-641664",False,,,
1773,TN,Dispensary,Coimbatore,"PALLADAM, 2/226 Kuppusamy Naidupuram, Palladam, Coimbatore Dist -641662",False,,,
1774,TN,Dispensary,Coimbatore,"79, PARAMESWARAN PILLAI LAYOUT, PAPPANAICKENPALAYAM, COIMBATORE-641018",False,,,
1775,TN,Dispensary,Coimbatore,"PEELAMEDU, No-5, mg rd peelamedu, coimbatore-641004",False,,,
1776,TN,Dispensary,Coimbatore,"PERIANAICKENPALAYAM, 53, Kuppuchipalayam Road, Opp. Panchayat Union, NKK Post, Coimbatore-641020",False,,,
1777,TN,Dispensary,Coimbatore,"PODANUR, 132-B-2, Oliereth nagar, podanur, Coimbatore dist-641023",False,,,
1778,TN,Dispensary,Coimbatore,"POLLACHI, THILLAI NAGAR, Coimbatore Road, Pollachi-642002",False,,,
1779,TN,Dispensary,Coimbatore,"NO-8, PERUR MAIN ROAD, SELVAPURAM, COIMBATORE - 641026",False,,,
1780,TN,Dispensary,Coimbatore,"RAMANATHAPURAM, 38, T.nagar, Floor, Trichy road, ramanathapuram, coimbatore dist",False,,,
1781,TN,Dispensary,Coimbatore,"ESI MOBILE DISPENSARY, TRICHY ROAD, ONDIPUDUR (FIRST FLOOR OF ONDIPUDUR ESI BUILDING) COIMBATORE DIST",False,,,
1782,TN,Dispensary,Coimbatore,"SINGANALLUR, 30A Trichy rd coimbatore-641045",False,,,
1783,TN,Dispensary,Coimbatore,"SOMANUR, 6/41, church rd, somanur, coimbatore-641668",False,,,
1784,TN,Dispensary,Coimbatore,"SOWRIPALAYAM, Uppilipalayam, main rd, sowripalayam, Coimbatore-641028",False,,,
1785,TN,Dispensary,Coimbatore,"4/61 A & 61 B, VKN Street, Sulur",False,,,
1786,TN,Dispensary,Coimbatore,"THUDIALUR, 20, Viswanathapuram, Thudialur, Coimbatore-641034",False,,,
1787,TN,Dispensary,Thirupur,"TIRUPPUR-I, kongunagar, tiruppur post, tirupur-641607",False,,,
1788,TN,Dispensary,Thirupur,"No.5, College Road 2nd Street, OKS Building, Tiruppur - 641 602",False,,,
1789,TN,Dispensary,Coimbatore,"UPPILIPALAYAM, varadarajapuram, coimbatore-641015",False,,,
1790,TN,Dispensary,Coimbatore,"VELLALUR, Park Round Road, Vellalore, Coimbatore-641111",False,,,
1791,TN,Dispensary,Cuddalore,"No: 15-D, Ramadoss Naidu Street, Puthupalayam, Cuddalore N.T., Cuddalore - 607 001",True,esic.gov.in,ESIC Dispensaries | Employees' State Insurance Corporation,https://esic.gov.in/dispensaries/index/page:101
1792,TN,Dispensary,Dharmapuri,"DHARMAPURI, 4/130, chinnathayamma street, Dharmapuri-636701",False,,,
1793,TN,Dispensary,Tirupur,"DHARAPURAM NO.15, NN PETTAI STREET, POOKADAI CORNER, DHARAPURAM",False,,,
1794,TN,Dispensary,Dindugal,"BEGAMBUR, no 29, Mohamadhayapuram, NVT, building, maduraikrd, begambur, dindigul dist",False,,,
1795,TN,Dispensary,Dindugal,"KULATHUR, 1/18, kulathur vill, ardasinthur taluk, dindigul dist",False,,,
1796,TN,Dispensary,Dindugal,"NHEARAPATTI, 8/5, quasidin nagar, neikarapatti, palani taluk, dindigul dist",False,,,
1797,TN,Dispensary,Dindugal,"DINDIGUL Natham rd, dindigul",False,,,
1798,TN,Dispensary,Dindugal,"THADIKOMBU, 156, D-1 north street, thadikombu, dindigul dist",False,,,
1799,TN,Dispensary,Dindugal,"VADAMADURAI, 8/159, R.K.railway station rd, vadamadurai, dindigul dist",False,,,
1800,TN,Dispensary,Dindugal,"VEDASANDUR, 70-A, salai street, vedasandhur, dindigul dist",False,,,
1801,TN,Dispensary,Kanyakumari,"ESI Dispensary, 13/62-A, kamarajnagar, thalakkulam house, karingal-629 157",False,,,
1802,TN,Dispensary,Erode,"NEW ADDRESS: MUTHU CASTLE, No. 70, Pappathi Kadu 2nd Street, Municipal Colony, ERODE-638004",False,,,
1803,TN,Dispensary,Erode,"GOPICHETTIPALAYAM, no-63, suthianar street, sathyam rd, erode dist-638452",False,,,
1804,TN,Dispensary,Vellore,"GUDIYATHAM, 13, periyapannadall street, Gudiyatham-632601",False,,,
1805,TN,Dispensary,Coimbatore,"IRUGUR, Ondipudur Road, NGR Puram, Irugur, Coimbatore - 641103",False,,,
1806,TN,Dispensary,Karur,"No 28, New st., Market road, Karur",False,,,
1807,TN,Dispensary,Kanyakumari,"ESI Dispensary, No.18/78C, Benjone Cottage, Poovamchanthi Karungal, Kanniyakumari District, Tamil Nadu, 629 157",False,,,
1808,TN,Dispensary,Kanyakumari,"ESI Dispensary, 6/124-2, basement floor , kulamindravillai, kangamconam, nitravizhai 629 154",False,,,
1809,TN,Dispensary,Chennai Outer,"SRIPRUMPUDUR, 19, Nethaji street, D K naidu nagar, Kancheepuram District",False,,,
1810,TN,Dispensary,Chennai,"KELAMBAKKAM, 3/140-A, Pillaiyar koil street, near bus stand, kelambakkam-603103 1st floor",False,,,
1811,TN,Dispensary,Tirunelveli,"ESI Dispensary, Nadar Uravinmurai Building, Main Road, Naduvappatti, Ettayapuram, Kovilpatty Taluk 628 904",False,,,
1812,TN,Dispensary,Coimbatore,"44/F-1, Cesi Colony, Veiniray Hospital Road, KOMARAPALAYAM, Namakkal - 638 183",False,,,
1813,TN,Dispensary,Krishnagiri,"HOSUR, Sipcot colony, hosur-635126",False,,,
1814,TN,Dispensary,Krishnagiri,"KRISHNAGIRI, 4th cross street, co-op colony, krishnagiri-635001",False,,,
1815,TN,Dispensary,Kanyakumari,"ESI Dispensary, 21/9A-A1-3, TVM Main Road, Near Govt Hospital, Vettuvani, Marthandam-629165",False,,,
1816,TN,Dispensary,Coimbatore,"181/28, ANNAMANICKER STREET, KUNIYMUTHUR, COIMBATORE-641108",False,,,
1817,TN,Dispensary,Kumbakonam,"KUMBAKONAM, 1, Pidarikulam street, Kumbakonam-612001",False,,,
1818,TN,Dispensary,Coimbatore,"ESI DISPENSARY, NEAR SANTHI HOSPITAL, MADUKARAI MARKET, MADUKARAI, COIMBATORE - 641105",True,srocoimbatore.esic.gov.in,ESIC Dispensaries | Employees' State Insurance Corporation,https://www.srocoimbatore.esic.gov.in/dispensaries
1819,TN,Dispensary,Madurai,"VANINAGARAM, no-31, north veli street, madurai-625001",False,,,
1820,TN,Dispensary,Madurai,"ESI Dispensary Door 20, Kottaikinaru thanu, Melur, Madurai 625106",False,,,
1821,TN,Dispensary,Madurai,"MUNCHALAI, tolarangsauriyram, munichalai rd, madurai-625009",False,,,
1822,TN,Dispensary,Madurai,"PALANGANATHAM, TDK, Madurai-625007",False,,,
1823,TN,Dispensary,Madurai,"PARAVAI, paravai, madurai 625007",False,,,
1824,TN,Dispensary,Madurai,"PONNAGARAM, a rundanatura",False,,,
1825,TN,Dispensary,Madurai,"TALLAKULAM, camo office comp, vinayaganagar, v.v.nagar, madurai-20",False,,,
1826,TN,Dispensary,Madurai,"THIRUMANGALAM, 45, 8 th, perumal Nagar, Thirumangalam, madurai dist",False,,,
1827,TN,Dispensary,Madurai,"THIRUNAGAR, thirunagar, madurai-625006",False,,,
1828,TN,Dispensary,Madurai,"ESI Dispensary, Door no: 322, 323, Anna Nagar, Silaiman.",False,,,
1829,TN,Dispensary,Pudukkottai,"CAUVERY NAGAR, Sethya murthy Nagar, muthudaipatty-622501",False,,,
1830,TN,Dispensary,Mayiladuthurai,"MAYILADUTHURAI, 17, ayyappan south street, mayiladuthurai-609001",False,,,
1831,TN,Dispensary,Namakkal,"ESI Dispensary Complex, H-7, Cauvery Nagar, Namakkal - 637001",False,,,
1832,TN,Dispensary,Nagercoil,"Esi Dispensary No: 28/8a, 86 Dhalavai Street, Vadiveeshwaram, Nagercoil, 629 002, Kanyakumari District. Ph: 04652 241648",False,,,
1833,TN,Dispensary,Nagapattinam,"NAGAPATTINAM, 273, sivan koil street, near GH, nagur, Nagapattinam dist-611001",False,,,
1834,TN,Dispensary,Namakkal,"PALLIPALAYAM, spb colony, namakkal dist-638010",False,,,
1835,TN,Dispensary,Vellore,"NELLIKUPPAM, 61, gandhi rd, nellikuppam-607105",False,,,
1836,TN,Dispensary,Coimbatore,"261/6, State Bank lane, Ooty 1.",False,,,
1837,TN,Dispensary,Palani,"PALANI, dindigul rd, palani-624601",False,,,
1838,TN,Dispensary,Pettai,"ESI Dispensary, 11 A veernagar, nagar pettai, Tirunelveli -627 004",False,,,
1839,TN,Dispensary,Pettai,"ESI Dispensary, 11 A first floor, veerabagunagar pettai, Tirunelveli-627 004",False,,,
1840,TN,Dispensary,Coimbatore,"PEETHAMPPATTI 6/87A, Udumalpet Road, Peethappampatti, Coimbatore 642202",False,,,
1841,TN,Dispensary,Pudukkottai,"PUDUKKOTTAI 893, third north street, pudukottai-622001",False,,,
1842,TN,Dispensary,Salem,"RASIPURAM, no 17, agraharam street, rasipuram-637408",False,,,
1843,TN,Dispensary,Vellore,"RANIPET, SIPCOT, ranipet 632403",True,justdial.com,"Esi Dispensary, Gandhi Road, Ranipet - Justdial",https://www.justdial.com/Ranipet/Esi-Dispensary-Gandhi-Road/9999PX416-X416-111230113216-B9U6_BZDET
1844,TN,Dispensary,Salem,"AMMAPET, 114-6, cuddalore main rd, Kamaraj colony, salem-4.",False,,,
1845,TN,Dispensary,Salem,"10/220-2, Gandhi Nagar, Edanganasalai, Salem Main Road, Near Old Bus Stand, ELAMPILLAI, SALEM - 637 502",False,,,
1846,TN,Dispensary,Salem,"METTUR-I, Metturdam, RS, Salem-636456",False,,,
1847,TN,Dispensary,Salem,"METTUR-II, Metturdam, RS, Salem-636456",False,,,
1848,TN,Dispensary,Salem,"Plot No. A-16, Do No: 62/135 Y, Godavari Street, Nedunchalai Nagar, SALEM - 636005.",False,,,
1849,TN,Dispensary,Salem,"Plot No. A-16, Do No: 62/135 Y, Godavari Street, Nedunchalai Nagar, SALEM - 636005.",False,,,
1850,TN,Dispensary,Virdhunagar,"SATHUR, 27-V/17, ward no-1, puvavezhbelei, sathur",False,,,
1851,TN,Dispensary,Salem,"SANKARI, 234, Traveler's bungalow rd, Sankari, Salem dist-637301",False,,,
1852,TN,Dispensary,Salem,"SEELANAICKENPATTI, 9, plot 73, VGR nagar, salem-636201",False,,,
1853,TN,Dispensary,Tirunelveli,"ESI Dispensary, No:7, koola bazar, near post office, shencottah 627 809",False,,,
1854,TN,Dispensary,Sivagangai,"KARAIKUDI, 5/8, maharmambu pottal north, karaikudi, po, sivagangai-630001",False,,,
1855,TN,Dispensary,Sivagangai,"NEW ADDRESS: 104, bypass road, Near M.Venkateshwara mars mill, Manamadurai-630606",False,,,
1856,TN,Dispensary,Sivagangai,"SINGAMPUNERI, 12, 103, kottaimarket street, thannakodu, annangar, singampaneri, siva ngai dist",False,,,
1857,TN,Dispensary,Solinher,"SOLINGAR, No-29, indira nagar, wallajah rd, solingar 631102",False,,,
1858,TN,Dispensary,Madurai,"ESI Dispensary, Sri kristan nagar, near court, sivakasi main road, Srivilliputhur-626125",True,sromadurai.esic.gov.in,ESIC Dispensaries | Employees' State Insurance Corporation,https://sromadurai.esic.gov.in/dispensaries
1859,TN,Dispensary,Karur,"PULIYUR, Cement factory building, Puliyur, karur taluk 648114",False,,,
1860,TN,Dispensary,Tenkasi,"esi dispensary, 5/8, Railway feeder Road, Tenkasi 627 811",False,,,
1861,TN,Dispensary,Chennai Outer,"THIRUVELLORE, 6/15,6/16, Lal Dahedar Shastri street, Periyakuppam, Thiruvellore",False,,,
1862,TN,Dispensary,Theni,"THENI, no 9maria joseph building, govt hospital rd, theni dist",False,,,
1863,TN,Dispensary,Thiruchengode,"THIRUCHENGODE, north mada street, thiruchengode-637211",False,,,
1864,TN,Dispensary,Thanjavur,"new building at No.5/4 Rajappa Nagar 1st Cross Street, Near Annai Sathya Stadium, Thanjavur-613007",False,,,
1865,TN,Dispensary,Tirunelveli,"ESI Dispensary, no:88, north car street, ambasamudram, tirunelveli dist-627 401",False,,,
1866,TN,Dispensary,Tirunelveli,"ESI Dispensary, 23, Ramanujapura, NANGUNERI, Tirunelveli dist-627 108",False,,,
1867,TN,Dispensary,Tirunelveli,"ESI Dispensary, 143 rajapalayam main rd, sankarankoil, Tirunelveli dist-627 756",False,,,
1868,TN,Dispensary,Tirunelveli,"ESI Dispensary, 87/B/70, Madurai main road, Sankar nagar post, Tirunelveli dist-627 357",False,,,
1869,TN,Dispensary,Tirunelveli,"ESI Dispensary, D.NO: 108, Trivandrum Road, OPP. VOC Park, Palayamkottai, Tirunelveli - 627002.",False,,,
1870,TN,Dispensary,Tirunelveli,"ESI Dispensary, 1068, Main Road, Vk puram, Tirunelveli dist-627 425",False,,,
1871,TN,Dispensary,Trichy,"MATHUR, 3/215, plot-7, ramalinga nagar, guntur-burma colony, Mathur, trichy-620007",False,,,
1872,TN,Dispensary,Trichy,"TRICHY(STATIC), Esi hospital compound, periyamilagu parai, Trichy",False,,,
1873,TN,Dispensary,Trichy,"TRICHY(STATIC), Esi hospital compound, periyamilagu parai, Trichy",False,,,
1874,TN,Dispensary,Trichy,"RAMJNAGAR, Trichy-620004",False,,,
1875,TN,Dispensary,Trichy,"ESIC Dispensary Thuvakudi SIPCOT Industrial estate Nehru Nagar, Trichy 620015",False,,,
1876,TN,Dispensary,Tuticorin,"ESI Dispensary, 16/177, Athangkarai Road, Authoor (North), Arumuganeri, Tuticorin district-628 151",False,,,
1877,TN,Dispensary,Kazhugumalai,"ESI Dispensary, 27, Sankarankoil Main Road, Kazhugumalai, Tuticorin district - 628 552",False,,,
1878,TN,Dispensary,Tuticorin,"ESI Dispensary, new rd, Kovilpatti, tuticorin dist-628501",False,,,
1879,TN,Dispensary,Tuticorin,"ESI Dispensary, 164/A, north beach rd, tuticorin-628001",False,,,
1880,TN,Dispensary,Coimbatore,"UDUMALPET (NW-II) DHALEE ROAD, UDUMALPET 642126",False,,,
1881,TN,Dispensary,Vadalur,"VADALUR Plot no 89, tpr plot, vadalur-607303",False,,,
1882,TN,Dispensary,Vellore,"VELLORE pwd building, fort rd, vellore-632001",False,,,
1883,TN,Dispensary,Vellore,"PERNAMBEET, 219, High road, pernambet, vellore dist 635810",False,,,
1884,TN,Dispensary,Vellore,"VANIYAMBADI 542, Moidheen sahia rd, vaniyambadi, vellore dist-635751",False,,,
1885,TN,Dispensary,Virdhunagar,"AMATUR, R.2-34, middle street, amathur, virudhunagar dist",True,esic.gov.in,ESIC Dispensaries | Employees' State Insurance Corporation,https://www.esic.gov.in/dispensaries
1886,TN,Dispensary,Virdhunagar,"ARUPPUKOTTAI 73 cussamy nadar street, aruppukottai, virudhunagar dist",False,,,
1887,TN,Dispensary,Virdhunagar,"KARIAPATTY 2-5-41, subramaniarkoil street, virudhunagar dist (New address-New Address: Nivetha Illam, Muthalamman Koil street(east), Achan Kulam, Kariyapatti, Virudhunagar District)",False,,,
1888,TN,Dispensary,Virdhunagar,"PERNAICKENPATTY, 3/19, south street, pernaickenpatti, virudhunagar dist",False,,,
1889,TN,Dispensary,Viralimalai,"VIRALIMALAI - 1/207-B, Pichhai kothanar street, Viralimalai-621316",False,,,
1890,TN,Dispensary,Virdhunagar,"RAJAPALAYAM Ramaswamy raja Nagar, Rajapalayam, Virudhunagar dist",False,,,
1891,TN,Dispensary,Virdhunagar,"SANKARALINGAPURAM, 3-114, South street, Sankaralingapuram, Virudhunagar dist",False,,,
1892,TN,Dispensary,Sivakasi,"SIVAKASI Sivakasi west, Virudhunagar dist",False,,,
1893,TN,Dispensary,Virdhunagar,"THUTHANBALL-12-D-2, E &amp; F pandian nagar, Sundaram street, Virudhunagar dist",False,,,
1894,TN,Dispensary,Villupuram,"VANUR 2/40, gandhi nagar, thiruchitrambalam koot road, Valur, Villupuram dist 605111",False,,,
1895,TN,Dispensary,Virdhunagar,"1/6, AA Road, Head post office back side, Virudhunagar-626001",False,,,
1896,TN,Dispensary,Vellore,"MELVISHARAM, 120, Arni Salai, Opp. Tel exchange, Melvisharam taluk-632509",False,,,
1897,TN,Dispensary,Annur,"20/25, Thennampalayam Road, Annur, Aruna Complex, Annur 641653",False,,,
1898,TN,Dispensary,Samakulam,"3/40, Sathy Main Road, Sarkar Samakulam 641107",False,,,
1899,TN,Dispensary,Sivagangai,"ESI dispensary, sivagangai Door no 49/118, sathyamoorthi nagar, sivagangai 630561",False,,,
1900,TN,Dispensary,Kodaikanal,"ESI dispensary, Kodaikanal - 9, Black Sun compound, Naidupuram, Kodaikanal",False,,,
1901,TN,Dispensary,Erode,"PERUNDURAI, 37, nethaji street, perundurai, erode district-638052",False,,,
1902,TN,Dispensary,Chennai Outer,"88, East Raja St Big, Kancheepuram - 631502",False,,,
1903,TN,Dispensary,Chennai Outer,"VAIKAVALAMADA NAGAR, 28, Vallal orr street, NH 1, M M Nagar, Kancheepuram district",False,,,
1904,TN,Dispensary,Trichy,"MANAPARAI, Thinnagar salai post-manaparai, 621312",False,,,
1905,TN,Dispensary,Salem,"KONDUR-418/260, conoor, mettur-636404",False,,,
1906,TN,Dispensary,Chennai Outer,"GUMMIDIPOONDI, No: 4, B.G Nagar, Thiruvallore District",False,,,
1907,TN,Dispensary,Coimbatore,"UDUDMALPET (mobiler), THALEE ROAD, UDUMALPET 642126",False,,,
1908,TN,Dispensary,Virdhunagar,"THAYILPATTI 1/141, nadarmadu street, aatchanouram, thayalpatti, sivakasi tk, virudhanagar dist",False,,,
1909,TN,Dispensary,Thiruvallur,"ESI dispensary - Panjeti : No1410, Mettu st, Panjeti, Thiruvallur Dist. PINCODE-601204",False,,,
1910,TN,Dispensary,Kancheepuram,"ESI Dispensary - Oragadam 11, A-Block, First floor, Suryadev Complex, Vandalur- Walajabad main rd, Oragadam Junction, Kancheepuram-602105",False,,,
1911,TN,Dispensary,Kancheepuram,"ESI dispensary, Padapai: Block no15, Vandalur-Walajabad main rd, Hajiar Nagar, Padapai Post, Kancheepuram dist -601301",False,,,
1912,TN,Dispensary,Kancheepuram,"ESI dispensary, Mathuranthagam: 68, Car street, Mathuranthagam, Kancheepuram dist",True,nta.esic.gov.in,ESIC Dispensaries | Employees' State Insurance Corporation,https://nta.esic.gov.in/dispensaries
1913,TN,Dispensary,Kanyakumari,"ESI Dispensary, ESI dispensary, SUS Building, Mandakadu Rd, Lakshmi puram, Near college, Manavalakurichi, Kanyakumari Dist 629 252",False,,,
1914,TN,Dispensary,Kanyakumari,"ESI Dispensary, ESI dispensary, SLB Building, 1st floor opposite to police station, Thuckalay, Kanyakumari Dist 629 175",False,,,
1915,TN,Dispensary,Vellore,"ESI dispensary, Pallikonda: Plot no 25/1, Trunk rd, Pallikonda, Vellore dist",False,,,
1916,TN,Dispensary,Namakkal,"ESI dispensary, Veppadai: D.No 4/91-15, E. Kattoor Privu, Marthukottai Post, Veppadai, Thiruchengodu Taluk Namakkal Dist",False,,,
1917,TN,Dispensary,Chengalpet,"ESI Dispensary Chengalpet, D/20- Alagesan nagar, Chengalpet - 603001",False,,,
1918,TN,Dispensary,Neyveli,"ESI Dispensary Neyveli, Block No.29, NLC Limited Neyveli - 607 807",False,,,
1919,TN,Dispensary,Thiruvannamalai,"ESI Dispensary Cheyyar, No.5, Kanniamman Koil Street, Old Post Office Building, Arcot Road, Thiruvannamalai - 604407",False,,,
1920,TN,Dispensary,Salem,"17/N, Anna Nagar, Belur Main Road, Vazhappadi Tk, Vazhappadi Post, Salem District 636115",False,,,
1921,TN,Dispensary,Karur,"59, Erode Main Road, Kandampalayam, Velayuthampalayam Post, Karur 639117",False,,,
1922,TN,Dispensary,Mornapalli,"Mornapalli, SIPCOT II, Hosur, Krishnagiri District",False,,,
1923,TN,Dispensary,Krishnagiri,"3/199K, Thali Main Road, Near Kakkadasam Telephone Exchange, Opposite New Building of Denkani Kottai Taluk, Kakkadasapalli area, Hosur, Krishnagiri 635114",False,,,
1924,TN,Dispensary,Krishnagiri,"Ward No.2/302, Kamandoddi Village &amp; Post, Hosur Tk, Krishnagiri Dt.",False,,,
1925,TN,Dispensary,Vijayapuram,"No.47, Kumaran Koil Street, Vijayapuram, Thiruvarur District",False,,,
1926,TN,Dispensary,Ariyalur,"No.176, New Market Road, Ariyalur, Ariyalur District.",False,,,
1927,TN,Dispensary,Vellakovil,"16/2C, Senmurdapalayam Road, Vellakovil-638 111",False,,,
1928,TN,Dispensary,Sathyamangalam,"11/12, Jawahar Street, Punjapuliyampatti, Sathyamangalam Taluk",False,,,
1929,TN,Dispensary,Sultanpet,"SF No 795/2B1C, 792/1D2, EE Ramanchar House, Sultanpet",False,,,
1930,TN,Dispensary,Tirupur,"Door No.69, Ward No.14, TGES Colony, Kangeyam Municipality, Kangeyam Taluk, Tirupur District",False,,,
1931,TN,Dispensary,Avinashipalayam,"Dharapuram Road, Avinashipalayam 638 660",False,,,
1932,TN,Dispensary,Sathyamangalam,"SMZ ARCADE, 1st floor, 551, Mysore Trunk Road, Rangasamuthiram, Sathyamangalam",False,,,
1933,TN,Dispensary,Tiruchendur,"17/17/4,5 m.j kanna nagar, veerapandian pattinam, tiruchendur-628216",False,,,
1934,TN,Dispensary,Dindigul,"D.no:12-1-29-52, narayana samy nagar, Batlagundu road, Nilakkottai dindigul-624208",False,,,
1935,TN,Dispensary,Ramanathapuram,"5/19, maduraiyar street, Ramanathapuram 623504",False,,,
1936,TN,Branch Office,Vellore,"New Address: ESI Disp complex, Valakara Street, Poonthotam, Ambur",False,,,
1937,TN,Branch Office,Virdhunagar,"New Address - Branch Manager, Branch Office (Aruppukottai) E.S.I. Corporation, 24/11, S.R.S. Plaza (1-floor), Puthukadai Bazar, Aruppukottai - 626 101.",False,,,
1938,TN,Branch Office,Chennai Outer,"E.S.I. Corporation, 158, Gandhi Road-II, Arakkonam-631001",False,,,
1939,TN,Branch Office,Salem,"Attur Branch Office(Attur), 177 Vinayagapuram, Attur-636 102",True,esic.gov.in,ESIC Branch Offices | Employees' State Insurance Corporation,https://esic.gov.in/branchs/index/
1940,TN,Branch Office,Chennai,"Ambattur, ESI Dispensary Campus, Ambattur, CHN-53",False,,,
1941,TN,Branch Office,Chennai,"New Address: E.S.I Corporation, No.1, Sunguwar Street, E.S.I.C Dispensary Complex, Triplicane, Chennai-600005",False,,,
1942,TN,Branch Office,Chennai,"Avadi ESIC Avadi, Chennai-54.",False,,,
1943,TN,Branch Office,Chennai,"George town ESI dispensary complex, sandhinar, 1st floor, No 68, Basin bridge Rd, Chennai-21",False,,,
1944,TN,Branch Office,Chennai,"E.S.I Corporation, Plot No 95, C/11 Ind Estate, Chennai-600058",False,,,
1945,TN,Branch Office,Chennai,"Kaladipet ESIC, 1049 T.H.Road, ESI Dispensary Campus, Chennai-19",False,,,
1946,TN,Branch Office,Chennai,"NEW ADDRESS: Sri Sai Towers, Ist Floor, New No. 102, Old No. 337, Arcot Road, Kodambakkam Chennai 600024",False,,,
1947,TN,Branch Office,Chennai Outer,"E.S.I Corporation, MIG Plot, NH, 263/13, Dherchar Street, Maraimalai Nagar, Chennai-603209",False,,,
1948,TN,Branch Office,Chennai,"E.S.I Corporation, 2-B, Mount Poonamalli Road, Nandambakkam, Chennai-600089",False,,,
1949,TN,Branch Office,Chennai,"E.S.I Corporation, E.S.I. Dispensary Building (1 Floor), No.111, G S.T Road, Pallavaram, Chennai-600043",False,,,
1950,TN,Branch Office,Chennai,"Villivakkam, ESI Dispensary complex, Korattur, Periyar Nagar, CHN-80",False,,,
1951,TN,Branch Office,Chennai,"No. 57A, Cooks Road, Near Church (Behind B&amp;C Mills), Perambur, Chennai-600 011",False,,,
1952,TN,Branch Office,Chennai,"No 17A Muthiah Street 12nd floor), near &amp; opp. to Chinnamalai Church/ &amp; T.Office, Saidapet, Chennai-600015",False,,,
1953,TN,Branch Office,Chennai,"RHD HBL-ESI dispensary Compound RNT Rd., Puzhal, Chennai-66",False,,,
1954,TN,Branch Office,Chennai,"E.S.I Corporation, Mudichur road, Tambaram, Chennai-600045",False,,,
1955,TN,Branch Office,Chennai,"E.S.I Corporation, Shree Venkateshwara Complex, 112, Thiruvottiyur Salai (II Floor), Thiruvottiyur, Chennai-600019.",False,,,
1956,TN,Branch Office,Chennai,"ESI Dispensary, Tondiarpet Complex, No.18/1, Kummalamman Koil Street, Tondiarpet, Chennai-600 081",False,,,
1957,TN,Branch Office,Chennai,"E.S.I Corporation, No.1, Sunguvar Street, E.S.I.C Dispensary Complex, Triplicane, Chennai-600005",False,,,
1958,TN,Branch Office,Chennai,"Kaladipet ESIC, 1049 T.H Road, ESI Dispensary Campus, Chennai-19",False,,,
1959,TN,Branch Office,Coimbatore,"GANAPATHY Branch Manager, Branch Office, ESI Corporation, Branch Manager, Branch Office, Panchdeep Bhawan, 747-A, Dr. Radhakrishna Road, Tatabad, COIMBATORE-641012.",False,,,
1960,TN,Branch Office,Coimbatore,"KATTOOR Branch Manager, Branch Office, ESIC Corporation, Panchdeep Bhawan, Kaaleswara Nagar, Kattoor, COIMBATORE-641009.",False,,,
1961,TN,Branch Office,Coimbatore,"ESIC, Ondipudur branch, 1st Floor, ESI Dispensary, 2393 Trichy Road, Ondipudur, Coimbatore - 641016",False,,,
1962,TN,Branch Office,Coimbatore,"PN PALAYAM Branch Manager, Branch Office, ESI Corporation, Door No. 484, 2nd Floor, Dr. Nanjappa Road, Coimbatore - 641 018",False,,,
1963,TN,Branch Office,Coimbatore,"357, VENKATESHWARA HOSPITAL ROAD, CORPORATION BANK OPP, CHINNIYAMPALAYAM, COIMBATORE 641062",False,,,
1964,TN,Branch Office,Coimbatore,"Perianaickenpalayam Lingammal Complex, L.M.W.Road, Periyanaickenpalayam, Coimbatore - 641020.",False,,,
1965,TN,Branch Office,Coimbatore,"SINGANALLUR Branch Manager, Branch Office, ESI Corporation, Panchdeep Bhawan, Near ESI Dispensary, Trichy Road, Singanallur, COIMBATORE 641 005.",False,,,
1966,TN,Branch Office,Coimbatore,"SULUR Branch Manager, Branch Office, ESI Corporation, Swami Sivanandha Complex, 158 Siruvani Tank Road, Nanjappa Layout, Sulur, COIMBATORE 641402.",True,srocoimbatore.esic.gov.in,"ESI CORPORATION, SUB REGIONAL OFFICE, COIMBATORE | ESIC Regional Office ...",https://www.srocoimbatore.esic.gov.in/
1967,TN,Branch Office,Coimbatore,"UDUMALPET Branch Manager, Branch Office, ESI Corporation, Panchdeep Bhavan, Dhali Road, Opp. to Panchayat Union Office, Udumalpet COIMBATORE - 642126",False,,,
1968,TN,Branch Office,Coimbatore,"2/27 LORDS AVENUE, GANAPATHY POLYCLINIC (OPP), GANDHINAGAR, SUNDARAPURAM, COIMBATORE 641024",False,,,
1969,TN,Branch Office,Cuddalore,"E.S.I Corporation, No.2/9, Rathinachalam Street, Manjakuppam, Cuddalore - 607001.",False,,,
1970,TN,Branch Office,Dindigul,"E.S.I Corporation, ESI Dispensary Complex, Natham road, Dindigul - 624003",False,,,
1971,TN,Branch Office,Erode,"8, Mariamman Kovil St., KG Palayam, Erode - 638008",False,,,
1972,TN,Branch Office,Erode,"PALLIPALAYAM Branch Office(Pallipalayam) ESIC S.P.B Colony, ERODE-638010",False,,,
1973,TN,Branch Office,Hosur,"Hosur, Branch Office, ESIC Complex, Sipcot, Hosur 635126",False,,,
1974,TN,Branch Office,Trichy,"Branch Office, (Dalmiapuram) ESIC, 83-C Main Road, Kallakudi-621651",False,,,
1975,TN,Branch Office,Karur,"KARUR Branch Office(Karur), ESIC, NO 492, Jawahar Bazar(2nd floor) Head Post Office(Karur), Karur 639001",False,,,
1976,TN,Branch Office,Tirunelveli,"ESI Corporation Branch Office, New Road, Kovilpatti - 627 701.",False,,,
1977,TN,Branch Office,Kanyakumari,"ESIC Corporation Branch Office, 9/87A First Floor, Zion JRS Building, OPP MRF Tyre Store Room, Thuckalay Road, Varthurkonam 629165",False,,,
1978,TN,Branch Office,Kumbakonam,"Kumbakonam, Branch office, ESIC Building, Pidarankulam Rd, Kumbakonam-612001.",False,,,
1979,TN,Branch Office,Madurai,"Branch Office (Munichalai), ESIC, ESI Munichalai Dispensary Building Madurai - 625009",False,,,
1980,TN,Branch Office,Madurai,"Branch Office (Palanganatham), Employees State Insurance Corporation, E.S.I. Dispensary Complex, Palanganatham, Madurai - 625003",False,,,
1981,TN,Branch Office,Madurai,"Branch Office (Thirunagar), Employees State Insurance Corporation, G.S.T Road, Thirunagar, Madurai.",False,,,
1982,TN,Branch Office,Coimbatore,"Branch Office mettupalayam, near bharath bhavan, opp. old Branch Office, Mettupalayam",False,,,
1983,TN,Branch Office,Madurai,"Branch Office (Melur), Employees State Insurance Corporation, 5/FA, Mill Road, (Near Municipal Office), Melur 625106",False,,,
1984,TN,Branch Office,Salem,"METTUR Branch Office ESIC, ESIC Complex Salem Camp, Mettur Dam-636456",False,,,
1985,TN,Branch Office,Nagercoil,"ESI Corporation Branch Office, 28, Dhalavai Street, Vadiveeswaram, Kottar Post, Nagercoil - 629 002.",False,,,
1986,TN,Branch Office,Coimbatore,"New Address: 51/C/15, BANK LANE OOTY",False,,,
1987,TN,Branch Office,Madurai,"Branch Office (Paravai), Employees State Insurance Corporation, E.S.I. Dispensary Complex, Ammankoil street, Paravai - 625401.",False,,,
1988,TN,Branch Office,Palani,"ESI Corporation, 78 A, Dindigul Road, Palani 624602",False,,,
1989,TN,Branch Office,Thirupur,"Palladam DO No120, mangalam road palladam-641664",False,,,
1990,TN,Branch Office,Pollachi,"POLLACHI Branch Manager, Branch Office ESI Corporation Panchdeep Bhawan Coimbatore Road, Thillai Nagar POLLACHI-642002",False,,,
1991,TN,Branch Office,Pudukkottai,"E.S.I Corporation, 160/11, Thirumayam road (Near Anna Statue), Sasyamoorthi complex, Pudukottai - 620001",False,,,
1992,TN,Branch Office,Madurai,"E.S.I Corporation, NII Dispensary Upstairs, P.S.K. Nagar, Rajapalayam 626108",False,,,
1993,TN,Branch Office,Vellore,"E.S.I Corporation, E.S.I Dispensary Complex, Sipcot, Ranipet.",True,cybo.com,ESI Corporation - Branch Office - Vellore - Vadivel Nagar… - Cybo,https://www.cybo.com/IN-biz/esi-corporation-branch-office-vellore
1994,TN,Branch Office,Virdhunagar,"E.S.I Corporation, No.1 A, Chidambaram Nagar, Sattur 626203 (New Address 127, Bye Pass Road, Sattur)",False,,,
1995,TN,Branch Office,Sankagiri,"New Address: 21/1 rengasamy pillai street NO.3 jhondikaradu, thiruchengode-637211",False,,,
1996,TN,Branch Office,Salem,4th floor 28/57 thirumalaival valagam three roads salem,False,,,
1997,TN,Branch Office,Sivakasi,"E.S.I Corporation, No.8, Shield road (near police colony), ESI Dispensary (Upstairs), Sivakasi - 626123",False,,,
1998,TN,Branch Office,Tenkasi,"ESI Corporation Branch Office, 221 - G, Amman Sannathi, 1st Floor, TENKASI - 627 811.",False,,,
1999,TN,Branch Office,Theni,"New address-Branch Manager, Branch Office (Theni), E.S.I Corporation, Jayamaruthi Towers II floor, Periyakulam Road, Near Railway Station, Theni.",False,,,
2000,TN,Branch Office,Thanjavur,"Thanjavur IInd floor, 61/2654, South Main street, Thanjavur 613009",False,,,
2001,TN,Branch Office,Thirupur,"KNP PURAM: Branch Manager, Branch Office ESI Corporation, No.39 Kaveri Street, Mahale House, Odakkadu, KNP Puram, Tirupur 638 602.",False,,,
2002,TN,Branch Office,Thirupur,"Tiruppur Branch Manager, Branch Office, ESIC, Panchdeep Bhawan, 415, Kongu Main Road, Tiruppur 638009",False,,,
2003,TN,Branch Office,Tirunelveli,"108, First Floor, TVM MAIN ROAD, OPP VOC PARK, PALAYAM KOTTAI, THIRUNELVELI-627002",False,,,
2004,TN,Branch Office,Trichy,"D-33, 2nd Floor, Golden Square 11th Cross East, Thillainagar, Trichy 620018, Tamilnadu",False,,,
2005,TN,Branch Office,Tuticorin,"ESI Corporation Branch Office, 164 N, North Beach Road, Tuticorin - 628 001.",False,,,
2006,TN,Branch Office,Coimbatore,"TUDIYALUR: Branch Manager, Branch Office, ESI Corporation, Panchdeep Bhawan, ESI Disp. Compound, Viswanathapuram, TUDIYALUR.",False,,,
2007,TN,Branch Office,Vellore,"E.S.I Corporation, No.13, IIIrd Cross Street, Vadivel Nagar, Sankaranpalayam, Vellore-632001.",False,,,
2008,TN,Branch Office,Virdhunagar,"ESIC BO, S.No.805 /Allampatti Village, Near Head Post Office, Virudhunagar-626001",False,,,
2009,TN,Branch Office,Vikramasingapuram,"ESI Corporation Branch Office, 1068, Main Road, Vikramasingapuram - 627 425.",False,,,
2010,TN,Branch Office,Poonamalle,"Branch Office Poonamalle, No. 14, Trunk Road, Dhanasa building, Poonamalle, Chennai 600056",False,,,
2018,UP,Hospital,Varanasi,"ESIC Hospital Complex, Pandeypur Varanasi",False,,,
2019,UP,Hospital,Kanpur,"ESI Hospital JAJMAU, KANPUR",False,,,
2020,UP,Hospital,Allahabad,"ALLAHABAD ESI Hospital Naini, ALLAHABAD",False,,,
2021,UP,Hospital,Kanpur,"SARVODAYA NAGAR ESI Hospital Sarvodaya Nagar, KANPUR",False,,,
2022,UP,Hospital,Aligarh,"ALIGARH ESI Hospital SASNIGATE Agra Road, ALIGARH",False,,,
2023,UP,Hospital,Agra,ESI Hospital hathras ka bagicha AGRA,False,,,
2024,UP,Hospital,Kanpur,"KIDWAINAGAR ESI Hospital Kidwai nagar, KANPUR",False,,,
2025,UP,Hospital,Ghaziabad,"SAHIBABAD, ESI Hospital, Near aradhana talkies SAHIBABAD",False,,,
2026,UP,Hospital,Kanpur,AZADNAGAR ESI Hospital Azadnagar KANPUR,False,,,
2027,UP,Hospital,Bareilly,"ESIC Hospital, C.B.Ganj, Sleeper Road, Bareilly, U.P-243501",True,bareillyhospital.esic.gov.in,"ESIC Hospital, Bareilly | Employee's State Insurance Corporation ...",https://bareillyhospital.esic.gov.in/
2028,UP,Hospital,Noida,"NOIDA, ESI Hospital, Sector-24, Noida.",False,,,
2029,UP,Hospital,Modi Nagar,"ESI Hospital Modinagar near raj chaupale G.T. Road, Modinagar",False,,,
2030,UP,Hospital,Saharanpur,ESI Hospital Saharanpur sharda nagar saharanpur,False,,,
2031,UP,Hospital,Renukoot,Renukoot ESI Hospital Pipari Renukoot,False,,,
2032,UP,Hospital,Kanpur,"ESI Hospital pandunagar, KANPUR",False,,,
2033,UP,Hospital,Lucknow,LUCKNOW ESI Hospital Sarojani nagar near purani chungi LUCKNOW,False,,,
2034,UP,Hospital,Sahibabad,"ESIC Hospital, Rajendra Nagar, Sector-2, Opposite Dr. Ram Manohar Lohia Park, Sahibabad, Ghaziabad, UP-201005",False,,,
2035,UP,Dispensary,Kanpur,"ESI Dispensary, Chaudagra Bindaki Road Chaudagara Fatehpur",False,,,
2036,UP,Dispensary,Kanpur,"ESI Dispensary, Ranike Kanpur Dehat Ranipur/near Allhabad Bank)",False,,,
2037,UP,Dispensary,Varanasi,"ESI Dispensary, Ravindrapuri Colony, Lane No.10 Bhelupur Varanasi",False,,,
2038,UP,Dispensary,Kanpur,"ESI Dispensary, Jajmau, JK Colony, Kanpur",False,,,
2039,UP,Dispensary,Unnao,"ESI Dispensary, District Hospital, Unnao",False,,,
2040,UP,Dispensary,Allahabad,"ESI Dispensary, George Town Amarpath Jha Marg Civil Lines Allahabad",False,,,
2041,UP,Dispensary,Allahabad,"ESI Dispensary, Naini-I Near Swadeshi Coocan Mill naini Allahabad",False,,,
2042,UP,Dispensary,Allahabad,"ESI Dispensary, Naini-II Behind ITI Company naini Allahabad",False,,,
2043,UP,Dispensary,Mirzapur,"ESI Dispensary, Mirzapur J.B. Hospital premises Mirzapur",False,,,
2044,UP,Dispensary,Jhansi,"ESI Dispensary, civil lines near allved talkies Jhansi UP",False,,,
2045,UP,Dispensary,Kanpur,"ESI Dispensary, Ayurvedic, Near mariampur Hosp. Kanpur",False,,,
2046,UP,Dispensary,Kanpur,"ESI Dispensary, Alopathic, Near mariampur Hospital",False,,,
2047,UP,Dispensary,Firozabad,"ESI Dispensary, Mobile Block No-37, Labour Colony, Firozabad",False,,,
2048,UP,Dispensary,Firozabad,"ESI Dispensary, Mahavir Nagar Gali no2 Firozabad",False,,,
2049,UP,Dispensary,Hathras,"ESI Dispensary, Kila Station, Near Mali Godam, Iyodu gate Hathras",False,,,
2050,UP,Dispensary,Shikohabad,"ESI Dispensary, RNM Hospital Campus Station Road, Shikohabad",False,,,
2051,UP,Dispensary,Agra,"ESI Dispensary, Jivani Mandi, takiya lal masjid Agra",False,,,
2052,UP,Dispensary,Agra,"ESI Dispensary, Chhipitola Fatehabad Road near mugal saraye Agra",False,,,
2053,UP,Dispensary,Agra,"ESI Dispensary, Nunhai, State Nunhai, Near Salai Trans Yamuna, Agra",False,,,
2054,UP,Dispensary,Mathura,"ESI Dispensary, Mathura Radhpura Sadar Mathura: 179, Anand-1 colony, in front of Anand-1 public school, Mathura",True,yappe.in,ESI Dispensary - Hospital - Mathura - Uttar Pradesh | Yappe.in,https://yappe.in/uttar-pradesh/mathura/esi-dispensary/270593
2055,UP,Dispensary,Kanpur,"ESI Dispensary, Block No-51, Labour Colony, Side no-1, Babupurwa, Kanpur",True,kanpurhospital.esic.gov.in,ESIC Dispensaries | Employees' State Insurance Corporation,https://kanpurhospital.esic.gov.in/dispensaries/index
2056,UP,Dispensary,Kanpur,"ESI Dispensary, Alopathic Near Govind Nagr Police Station, Govind nagar, Kanpur",False,,,
2057,UP,Dispensary,Kanpur,"ESI Dispensary, Homeopathic, Near Govind Nagr Police Station, Govind nagar, Kanpur",False,,,
2058,UP,Dispensary,Kanpur,"ESI Dispensary, Daradosi Crossing, Virebanagar, Juhi-2 Kanpur",False,,,
2059,UP,Dispensary,Bulandshahar,"ESI Dispensary, Gulandshahar near District hospital Bulandshahar",False,,,
2060,UP,Dispensary,Bulandshahar,"ESI Dispensary, Khurja UPSIDC Building mw daktiera Khurja Bulandshahar (NEW ADDRESS: ESI Dispensary, Near Dedu ki patti Khurja Moic ESI Dispensary Khurja)",False,,,
2061,UP,Dispensary,Bulandshahar,"ESI Dispensary, Sikandrabad Industrial Area Tokhabad Sikandrabad, Bulandshahar",False,,,
2062,UP,Dispensary,Ghaziabad,"ESI dispensary Balaji Nagar Nandgram kailashyali Daran kaila,",False,,,
2063,UP,Dispensary,Ghaziabad,"ESI Dispensary, Mohan nagar Near Gate of Mohan Meakin bhavan, ghaziabad",False,,,
2064,UP,Dispensary,Ghaziabad,"ESI Dispensary, pasonda, Near rajendranagar police chauki Sahibabad Ghaziabad",False,,,
2065,UP,Dispensary,Ghaziabad,"ESI Dispensary, Rajnagar, sector-2/182 rajnagar Ghaziabad",False,,,
2066,UP,Dispensary,Ghaziabad,"ESI Dispensary, C-64 A, Surya Nagar, Ghaziabad(at present in sahibabad hospital)",False,,,
2067,UP,Dispensary,Ghaziabad,"ESI Dispensary, Kiran colony 506 vamala quarter(first floor) near Bhatia mode G.T. Road",False,,,
2068,UP,Dispensary,Barabanki,"C-1160, Anand Nagar deva road Barabanki (ESIC Dispensary PPS Vidyalaya, Deva road, Grabanki U.P. pincode-225001)",False,,,
2069,UP,Dispensary,Gorakhpur,"ESI Dispensary, Near Jyoti talkies, Distt Hospital Bhavan, Gorakhpur",False,,,
2070,UP,Dispensary,Gorakhpur,"ESI Dispensary, Mahaveer Jute Mills, Sahjanwa, Gorakhpur",False,,,
2071,UP,Dispensary,Lucknow,"Mobile-A, Aishbagh, Attached with Aishbagh Hosp., Lucknow",False,,,
2072,UP,Dispensary,Lucknow,"Dispensary, Mahanagar h SA MAHANAGAR, Lucknow",False,,,
2073,UP,Dispensary,Lucknow,"Aishbagh 194 A Malviya nagar, Lucknow",False,,,
2074,UP,Dispensary,Raibarely,ESIC Police line Chauraha Raebarely,False,,,
2075,UP,Dispensary,Sandeela,Industrial Area Sandeela,False,,,
2076,UP,Dispensary,Kanpur,"ESI Dispensary, Chaubeypur (Kanpur nagar Kanpur",False,,,
2077,UP,Dispensary,Kanpur,"ESI Dispensary, nawabganj, 14/5, Vsnupuri, Near labour Colony, Kanpur",False,,,
2078,UP,Dispensary,Bareilly,"ESI Dispensary, CB ganj, bareilly (Presently in ESI Hospital Premises)",False,,,
2079,UP,Dispensary,Bareilly,"ESI Dispensary, Izzatnagar, Near Manohar, Bhusan Inter College, Bareilly",False,,,
2080,UP,Dispensary,Rampur,"ESI Dispensary, Quila Area, ESI Annex BLDG, Rampur",False,,,
2081,UP,Dispensary,Sahajahanpur,"ESI Dispensary, Bahadurganj Shahjahanji, Sahjahanpur",True,nta.esic.gov.in,ESIC Dispensaries | Employees' State Insurance Corporation,https://nta.esic.gov.in/dispensaries
2082,UP,Dispensary,Noida,"ESI Dispensary, Dispensary, CA Site, 4 UPSIDC industrial area, Behind Hero Powder company, Greater Noida",False,,,
2083,UP,Dispensary,Noida,"ESI Dispensary, NHV Ph-II, Noida",False,,,
2084,UP,Dispensary,Noida,"ESI Dispensary, Sec-12, Noida",False,,,
2085,UP,Dispensary,Noida,"ESI Dispensary, Sec-57, Noida",False,,,
2086,UP,Dispensary,Kanpur,"ESI Dispensary, Block No.21, Ranajhabar, Kanpur",False,,,
2087,UP,Dispensary,Kanpur,"ESI Dispensary, Dalelpurva, nai Sadak, kanpur",False,,,
2088,UP,Dispensary,Kanpur,"ESI Dispensary, Gwaitoli/thiasiline, 10/477, Khalasi Line, Kanpur",False,,,
2089,UP,Dispensary,Kanpur,"ESI Dispensary, Ratanlal Achrya nagar, Near Sangeet Talkies,kanpur",False,,,
2090,UP,Dispensary,Gajaraula,"ESI Dispensary, Gajaroula Kavinagar Gajaraula",False,,,
2091,UP,Dispensary,Hapur,"ESI Dispensary, Hapur modinagar mode meerut road Hapur",False,,,
2092,UP,Dispensary,Meerut,"ESI Dispensary, Shantinagar, Rly. Road, Thapa nagar near mehta bus stand Meerut",False,,,
2093,UP,Dispensary,Meerut,"ESI Dispensary, Meerut Ind. Area, Nr. SBI, Partapur, Meerut",False,,,
2094,UP,Dispensary,Modi Nagar,"ESI Dispensary, Govind puri near cloth mill Modinagar(shifted to esic hospital campus) (New Address: ESIC Dispensary inside ESI Hospital Campus Modinagnagar rajchaupala G.T. Road, Modinagar)",False,,,
2095,UP,Dispensary,Modi Nagar,"ESI Dispensary, Oil Mill gate/Modinagar (at present in Modinagar hospital)",False,,,
2096,UP,Dispensary,Muzaffarnagar,"ESI Dispensary, muzaffarnagar saradu Chungi near Naveeg market MuzaffarNagar",False,,,
2097,UP,Dispensary,Saharanpur,"ESI Dispensary, Nehru market, Saharanpur (Presently in ESI Hospital Premises)",False,,,
2098,UP,Dispensary,Saharanpur,"ESI Dispensary, Civil Lines, Punjab national bank compound Civil lines Saharanpur",False,,,
2099,UP,Dispensary,Renukoot,"ESI Dispensary, Rina Market Renukoot Sonbhadra",False,,,
2100,UP,Dispensary,Agra,"ESI Dispensary, Mobile-A, Under ESI hospital Agra (Near sikandra Agra)",False,,,
2101,UP,Dispensary,Bijnour(Najibabad),"ESI Dispensary, Najibabad Bijnour near District eye hospital najibabad",False,,,
2102,UP,Dispensary,Etawh,"ESI Dispensary, Prawh purana jila chikitsalya Etawah UP",False,,,
2103,UP,Dispensary,Gorakhpur,"ESI Dispensary, Fushawa SardarNAgar, Gorakhpur",False,,,
2104,UP,Dispensary,Lucknow,"Dispensary, GolaGanj 37-onwai narani road, Lucknow",False,,,
2105,UP,Dispensary,Lucknow,"Esi hospital Premises Dispensary Sarojini nagar, Lucknow",False,,,
2106,UP,Dispensary,Mainpuri,"ESI Dispensary, Mainpuri radharaman mad bhagwat Chauraha Mainpuri",False,,,
2107,UP,Dispensary,Sitapur,"District hospital, Campus Sitapur",False,,,
2108,UP,Dispensary,Sultanpur,CFC Building Industrial area Jagdishpur Sultanpur,True,cybo.com,"ESI Dispensary - FJ7G+225, ESI Dispensary-Sultanpur UPSIDC… - Cybo",https://www.cybo.com/IN-biz/esi-dispensary_228L
2109,UP,Dispensary,Varanasi,"ESI Dispensary, Town Hall, Dundir a road Varanasi",False,,,
2110,UP,Dispensary,Varanasi,"ESI Dispensary, Chandauli BulhiPur Sahupuri dist Varansi",False,,,
2111,UP,Dispensary,Aligarh,"ESI Dispensary, Sasni Charrgabagh Sasni Aligarh",False,,,
2112,UP,Dispensary,Allahabad,"ESI Dispensary, Mamfordganj Allahabad",False,,,
2113,UP,Dispensary,Aligarh,"ESI Dispensary, Sasni Gate ESI Hospital Campus Sasni Gate Aligarh",False,,,
2114,UP,Dispensary,Bhadohi,"ESI Dispensary, Dhadohi Gudri Rosti Bedohi",False,,,
2115,UP,Dispensary,Farukhabad,"ESI Dispensary, Farukhabad 1/30 anatiyan mahalla Farukhabad UP",False,,,
2116,UP,Dispensary,Khalilabad,"ESI Dispensary, Gardahiye Bazar khalilabad sant Kabir nagar",False,,,
2117,UP,Dispensary,Kanpur,"ESI Dispensary, F-41, Shanti nagar, Nr. Allahabad Rly. Crossing, Mirpur Kanpur",False,,,
2118,UP,Dispensary,Kanpur,"ESI Dispensary, Panki Powerhouse, Gate No-2, Panki Kanpur",False,,,
2119,UP,Dispensary,Kanpur,"ESI Dispensary, Ayurvedic, Pandu Nagar, (attached with Pandunagar Hosp. Kanpur)",False,,,
2120,UP,Dispensary,Kanpur,"ESI Dispensary, 58/86, Birhana Road, Parkagunj Kanpur",False,,,
2121,UP,Dispensary,Kanpur,"ESI Dispensary, 201-A/4, Rambagh, Drhamnagar, Kanpur",False,,,
2122,UP,Dispensary,Maunath Bhanjan,"ESI Dispensary, Old LIC Bhavan, Maunath Bhanjan,",False,,,
2123,UP,Dispensary,Moradabad,"ESI Dispensary, Mohbullaganj, Moradabad",False,,,
2124,UP,Dispensary,Varanasi,"ESI Dispensary, 7/34, Amha Mandal, nr. Prakash talkies, Lahurabir, Varanasi",False,,,
2125,UP,Dispensary,Varanasi,"ESI Dispensary, Industrial Area, Manduo Dian, Mehmoor Ganj, Varanasi",False,,,
2126,UP,Dispensary,Lucknow,"ESI Dispensary chinhat c/o Sanjay kumar Srivastava 646/888 Brij Mohanpuri Colony near Anjan Academy, Kanchanpur Matiyari Chinhat Lucknow",False,,,
2127,UP,Dispensary,Kanpur,"ESI Dispensary, Shastri nagar, 197, Near Housing Inspector Off., Shastri nagar, Kanpur",False,,,
2128,UP,Dispensary,Kanpur,"ESI Dispensary, Homeopathic, Pandu Nagar, (attached with Pandunagar Hosp. Kanpur)",False,,,
2129,UP,Branch Office,Kanpur,"Naveen Market, Parade Kanpur",False,,,
2130,UP,Branch Office,Varanasi,"S-5/38-128 vindhyavasini nagar colony mahaveer road ordely bazar, pandeypur, Varansi",False,,,
2131,UP,Branch Office,Kanpur,"Veerpur Branch Office, Second Floor Jajmau Kanpur",False,,,
2132,UP,Branch Office,Unnao,"UNNAO Branch Manager, Branch Office, ESI Corporation, 42, Avas Vikas Nagar, UNNAO 2020208",False,,,
2133,UP,Branch Office,Allahabad,"NAINI Branch Office, ESI Corporation, Chak Raghu Nath, Naini, Mirzapur Road, Naini Allahabad",False,,,
2134,UP,Branch Office,Allahabad,"ESIC Branch Office, Allahabad Civil lines, 40/C/4A, T.D. Tandon Road, Civil Lines, Allahabad",True,esic.gov.in,ESIC Branch Offices | Employees' State Insurance Corporation,https://esic.gov.in/branchs/index/page:59
2135,UP,Branch Office,Jhansi,"352/12, behind Hotel Chanda civil lines jhansi",False,,,
2136,UP,Branch Office,Kanpur,"SAROJINI NAGAR Branch Manager, Branch Office, ESI Corporation, Opp. Mariyampur Hospital, KANPUR 2231552",False,,,
2137,UP,Branch Office,Aligarh,"ALIGARH Branch Office, ESI Corporation, 1st Floor, Building No. 2, ALIGARH",False,,,
2138,UP,Branch Office,Firozabad,"FIROZABAD Branch Office, ESI Corporation, Trust Bhawan, Jain Nagar, FIROZABAD",False,,,
2139,UP,Branch Office,Shikohabad,"Sikohabad Branch Office 67/3 Near station Rand, ESIC Sikohabad",False,,,
2140,UP,Branch Office,Agra,"FATEHABAD Branch Office, ESI Corporation, Fatehabad Road, AGRA",False,,,
2141,UP,Branch Office,Agra,"SIKANDARA Branch Office, ESI Corporation, Goswami Market, SIKANDARA AGRA (esi hospital complex 1 floor near central jail halwaiki bagichi,agra-282002 )",False,,,
2142,UP,Branch Office,Mathura,"Mathura Branch Office, ESI Corporation, Mathura",False,,,
2143,UP,Branch Office,Kanpur,"VINDHANAGAR Branch Manager, Branch Office, ESI Corporation, Juhi-2, Complex, KANPUR 2605925",False,,,
2144,UP,Branch Office,Ghaziabad,"GHAZIABAD Branch Office, ESI Corporation,, Navyug Market GHAZIABAD",False,,,
2145,UP,Branch Office,Sahibabad,"SAHIBABAD, Branch Office, B1/64 First Floor/Kiran Park Intn., B Block Market Sahibabad",False,,,
2146,UP,Branch Office,Sikandrabad,"Sikandrabad Branch Office, HariSingh Mukhtiyar ki kothi Railway road Sikandrabad",False,,,
2147,UP,Branch Office,Barabanki,"17, Malvi Bhawan, deva Road, Barabanki",False,,,
2148,UP,Branch Office,Gorakhpur,"GORAKHPUR Branch Office, ESIIC, R.C.D., Civil Lines, Park Road, Gorakhpur",False,,,
2149,UP,Branch Office,Gorakhpur,"SAHJANWA Branch Office, ESI Corporation,Sahjanwa Gorakhpur (New Address- PRABHU KRIPA, GUPT BHAWAN, NEAR GUPTA PETROL PUMP, NH-28,, SAHJANWA, GORAKHPUR 273209)",False,,,
2150,UP,Branch Office,Lucknow,"LUCKNOW Branch Office, ESI Corporation, Kapoorthala Aliganj LUCKNOW",False,,,
2151,UP,Branch Office,Lucknow,"AMAUSI Branch Office, ESI Corporation, Nakahindola, LUCKNOW",False,,,
2152,UP,Branch Office,Raibarely,"Branch Office, ESI Corporation, Manipal nagar RAEBAREILLY 2202228",False,,,
2153,UP,Branch Office,Kanpur,"Branch Office - Chaubeypur, ESI Corporation, 1Bandi Mata Marg, Opp. Chaubeypur Block, Choubeypur-209203",False,,,
2154,UP,Branch Office,Kanpur,"PRATAPGANJ Branch Manager, Branch Office, ESI Corporation, Pratap Ganj KANPUR 2215558",False,,,
2155,UP,Branch Office,Bareilly,"BAREILLY, Branch Office, ESI Corporation, Rampur Road, BAREILLY (New Address: esic BAREILLY, Branch Office, ESI Corporation,1st floor, rbs kio mla,, Rampur Road, c.b.ganj(near lata commercial),BAREILLY)",False,,,
2156,UP,Branch Office,Moradabad,"MURADABAD, Branch Office, ESI Corporation, Opp. Kanwar Cinema MORADABAD",False,,,
2157,UP,Branch Office,Noida,"NOIDA Branch Office, ESI Corporation, B 150 First Floor Phase II NOIDA",False,,,
2158,UP,Branch Office,Noida,"NOIDA-1 Branch Office, ESI Corporation, B-33 B First Floor SEC.57 NOIDA",False,,,
2159,UP,Branch Office,Noida,"Noida-2: C-20, Sector-8, Noida.",False,,,
2160,UP,Branch Office,Noida,"C/O Dr. Ramvat hari Singh memorial Hospital, Ravidass BO office inside ramveer steel dasign campus, Near Surajpur police chauki",False,,,
2161,UP,Branch Office,Meerut,"382, bhoorbagh colony, Victoria Park, Meerut",True,esic.gov.in,Branch Offices( BO) | Employee's State Insurance Corporation ... - ESIC,https://www.esic.gov.in/karnataka
2162,UP,Branch Office,Modi Nagar,"Gayatri Bhawan, Near tehsil, NH-58, Modinagar",False,,,
2163,UP,Branch Office,Saharanpur,"7/1412, jain digree college road near treasuray/police lines saharanpur",False,,,
2164,UP,Branch Office,Maunath Bhanjan,"ESIC Branch Office, Maunath Bhanjan 13/uptridha kutir near roadways maunath bhanjan",False,,,
2165,UP,Branch Office,Renukoot,"ESIC Branch Office, Renukoot, Near Manso Cinema Hall renukoot",False,,,
2168,UT,Dispensary,Dehradun,"ESI Dispensary Patel Pitamnagar, kargi Chowna, Dehradun",False,,,
2169,UT,Dispensary,Bhagwanpur,"Shakambari Choli, Near Gandul University, Bhagwanpur, Roorkee off Haridwar",False,,,
2170,UT,Dispensary,Haridwar,"Near SMJN Degree College, ESI Dispensary, Haripur Mayi, Govindpur, Haridwar",False,,,
2171,UT,Dispensary,Haridwar,"Roshanbad, Sec 5/4, Opp Deep Ganga Appartment, Sidcul, Haridwar",False,,,
2172,UT,Dispensary,Rishikesh,"60, Shastri Nagar, Kale ki Dhal, Rishikesh",False,,,
2173,UT,Dispensary,Roorkee,"ESI Dispensary, H.No 173 BSM Tirahe National Highway No 73 Rorkee Nehru Nagar, GT Road, Roorkee",False,,,
2174,UT,Dispensary,Rudrapur,"Awas Vikas Colony, Jagatpura, Rudrapur, U.S Nagar",False,,,
2175,UT,Dispensary,Kashipur,"Near Fire Station, Bazpur Road, Kashipur, Udhamsingh Nagar",False,,,
2176,UT,Dispensary,Selaqui,"Near bus stop, Selaqui bazar, Selaqui, Dehradun",False,,,
2177,UT,Dispensary,Lalkoun,"Ward No2, Gandhi Nagar, LALCUAN(NAINITAL)",False,,,
2178,UT,Dispensary,Masroori,"Gandhi Eye Hospital, Hill Mount Gama Duck Road, MASOOR",False,,,
2179,UT,Dispensary,Nainital,"29/30, Bsnje Road, Nainital",False,,,
2180,UT,Dispensary,Laksar,"ESIC Laksar Dispensery Near holly cross school, Goverdhanpur road,laksar, Haridwar, Pin code -247663",False,,,
2181,UT,Branch Office,Dehradun,"Gopal Niwas, 8, Vaundhara Kunj (RO Khatri Dhawan ki Samne), G.M.S Road sesi kamali, Dehradun",False,,,
2182,UT,Branch Office,Haridwar,"Quarter No.1-2, opp Bhel Bhawan, Sector-2, BHEL, Ranipur, Haridwar",False,,,
2183,UT,Branch Office,Kashipur,"Nagar Palika, Bhawan No. 255/48, Kashipur City, Moradabad Road, Near Bajpur Stand, Opp. Ridhima Hospital, Kashipur",False,,,
2184,UT,Branch Office,Lalkaun,"Sahani Building, Bareiley-Nanital Road, Opp PWD Guest House, Lalkaun",False,,,
2185,UT,Branch Office,Rudrapur,"19, Kalyani View, Shyam Talkies Road, Rudrapur",False,,,
2186,UT,Branch Office,Selaqui,"ESIC Branch office, Selaqui, Opposite Gallon Restaurant, NH-72, Chakrata Road, Villager- Haripur, Selaqui-248197",False,,,
2187,UT,Branch Office,Roorkee,"U K Sedan, Engineers Enclave(Green Park), Ashraf Nagar, Near Seventh Day School, Delhi Road, Roorkee pin-247667",False,,,
2202,WB,Hospital,Belur,"Belur ESI Hospital, PO: Sapuipara, Dht.: Hooghly, WB-711227",False,,,
2203,WB,Hospital,Serampore,"Serampore ESI Hospital, G.T. Road(W), P.o. Mallick Para 712203 Hooghly",False,,,
2204,WB,Hospital,Wb,"Bandel ESI Hospital, Vill & P.O. Bandel dist. Hooghly-712123",True,esiwb.gov.in,Bandel ESI Hospital,https://esiwb.gov.in/main/home/bandel_hosp
2205,WB,Hospital,Wb,"Kamarhati ESI Hospital, Kol - 58",False,,,
2206,WB,Hospital,Wb,"Durgapur, PO - Bidhanagar, Durgapur - 6",False,,,
2207,WB,Hospital,Wb,"Budge Budge ESI Hospital, G.B.T. Road, Kol-700138",False,,,
2208,WB,Hospital,Wb,"Baltikuri ESI Hospital, P.O: Bankra, Dist. Howrah",False,,,
2209,WB,Hospital,Wb,"Uluberia ESI Hospital, P.O.: Jaduberia, Howrah",False,,,
2210,WB,Hospital,Wb,"Manicktala ESI Hospital, Bagmari Road, Kol-54",False,,,
2211,WB,Hospital,Wb,"Sealdah ESI Hospital, 301/3 A.P.C Road, Kol-9",False,,,
2212,WB,Hospital,Wb,"Thakurpukur ESI Hospital, D.H Road, Joka, Kol-743512",False,,,
2213,WB,Hospital,Wb,"ESI Hospital, P.O.:- Kalyani, Dist.:- Nadia",False,,,
2214,WB,Hospital,Wb,"Gourhati ESI Hospital, P.O. Angus",False,,,
2215,WB,Hospital,Wb,"Kanyapur ESI Hospital, Asansol, Dist. Burdwan",False,,,
2216,WB,Hospital,Joka,"ESIC Model Hospital, ESIC Model Hospital & ODC(EZ) campus, Diamond Howrah Road, Joka, Kolkata - 700104",False,,,
2217,WB,Hospital,Joka,"ESIC Medical College, ESIC Model Hospital & ODC(EZ) campus, Diamond Howrah Road, Joka, Kolkata - 700104",False,,,
2218,WB,Hospital,Joka,"ESIC Administration Building (New), ESIC Model Hospital & ODC(EZ) campus, Diamond Howrah Road, Joka, Kolkata - 700104",False,,,
2219,WB,Dispensary,Hooghly,"ESI Bandel Hospital Complex, GT Road, Bandel, Hooghly 712123",False,,,
2220,WB,Dispensary,Howrah,"229 GT Road, Belur Bazar, PO-Belurmath, How-711202",False,,,
2221,WB,Dispensary,Howrah,"Buckland Bridge, HIT Complex, Howrah-711101",False,,,
2222,WB,Dispensary,Hooghly,"371 B/41, Dr. RC Roy Saranee, 8th Lane, Mor Pukur, Rissra, Dist Hoogly",False,,,
2223,WB,Dispensary,Naspara,"Anfouri Sandhya Bhawan, Barrackpore Road, Naspara, Barasat-700125",False,,,
2224,WB,Dispensary,Mallikpara,"Serampore ESI Hospital Campus PO-Mallikpara, Pin-712203",False,,,
2225,WB,Dispensary,Kolkata,"ESI Hospital Staff Qrs Kol-97 Near 13 Nos.Tank,GD Block, Sector - III, G-11/1,284,Kolkata",False,,,
2226,WB,Dispensary,Medinipur,"C/O Mr. Brajesh Kumar Dubey, 1st and 2nd Floor, Vipada, Basudevpur, Dakhin Pally No. 2, J.L No 128, Durpachak, Haldia, Purva Medinipur, 721602",False,,,
2227,WB,Dispensary,Wb,"25, GT Road, Bhadreswar, Hoogly-712124",False,,,
2228,WB,Dispensary,Wb,"Uluberia ESI Hospital Campus PO-Jaduberia, How-711316",False,,,
2229,WB,Dispensary,Wb,"Belur ESI Hospital Campus P.O-Sapuipara, How-711227",False,,,
2230,WB,Dispensary,Wb,"Everest House (1st and 2nd floor)near 604, Ramkrishnapur, PO-Sukdevpur, Dist-24 Parganas",False,,,
2231,WB,Dispensary,Wb,"Durgapur ESI Hospital Campus, Burdwan",True,nta.esic.gov.in,ESIC Dispensaries | Employees' State Insurance Corporation,https://nta.esic.gov.in/dispensaries
2232,WB,Dispensary,Wb,"Baltikuri ESI Hospital Campus, Bankra, Howrah-711403",False,,,
2233,WB,Dispensary,Wb,"9A & B, Manarani Swarnamoyee Road, Kolkata-700009",False,,,
2234,WB,Dispensary,Wb,"57 Gopal Lal Thakur Road, RKM Campus, Kol-700036",False,,,
2235,WB,Dispensary,Wb,"Maniktala ESI Hospital Campus 54, Bagmari Road, Kol-700054",False,,,
2236,WB,Dispensary,Wb,"Kamarhati ESI Hospital Campus, 1 Graham Lane, Kol-58",False,,,
2237,WB,Dispensary,Wb,"1/2 Post Office Road, Dum Dum Cantonment PO Dum Dum, North 24 Parganas, Kolkata 700028",False,,,
2238,WB,Dispensary,Wb,"Kalyani ESI Hospital Campus Kalyani, Nadia, Pin 741235",False,,,
2239,WB,Dispensary,Wb,"220/2 RGC Road, Naihati 24 PGS(N) Pin-743165",False,,,
2240,WB,Dispensary,Wb,"C/O S.K Mustafa Ali, Floor, 1st and 2nd, Hasnecha, D/Bazar, Calcium More, Vill & PO: Chowki Alampur, South 24 PGNS, 743318",False,,,
2241,WB,Dispensary,Wb,"Budge ESI Hospital Campus, PO: Dakshinpuri, Vill: Pujkhali, KBT Road, 24 Pgs(S), Kolkata-700138",False,,,
2242,WB,Dispensary,Wb,"32 Banerjee Para Road, P.O.Talpukur, Pin-700123",False,,,
2243,WB,Dispensary,Wb,"Budge Budge ESI Hospital Campus, P.O-Manestala 24 PGS(S), Kol-700137-2",False,,,
2244,WB,Dispensary,Kolkata,"76, Dr Sudhir Bose Road, Kidderpore, Kol-700023",False,,,
2245,WB,Dispensary,Wb,"Sri Krishna Villa, 22/B Shibnapriya Chatterjee Road Kol-700061",False,,,
2246,WB,Dispensary,Wb,"53 N.N.Roy Road, Supermarket Kol-700008",False,,,
2247,WB,Dispensary,Wb,"Community Facilities Centre, Tollia Industrial Growth Centre, Sec-VI, Vill-Rampur PO- Kolaghat, Dist-24 PGS(S)",False,,,
2248,WB,Dispensary,Wb,"Navastila, Pratapgarh Narendrapur, 24 PGS(S), Kol-700103",False,,,
2249,WB,Dispensary,Wb,"Gourhati ESI Hospital Campus PO-Mallickpara, Pin-712221",False,,,
2250,WB,Dispensary,Wb,"C/O-Kalidas Roy, Brickfield Road, Danepur, South 24 Parganas Kol-700144",False,,,
2251,WB,Dispensary,Wb,"Budge Budge ESI Hospital Campus, P.O-Manestala 24 PGS(S), Kol-700137-1",False,,,
2252,WB,Dispensary,Wb,"c/o Mrs Sagna Dey, 141 Lenin Sarani, Kanchrapara, 24 pgs, 743145",False,,,
2253,WB,Dispensary,Wb,"Holding No. 16/1, Ward no 14, Anyasamajroad, Kankinara, Dist 24 Pgs (N), Pin - /",False,,,
2254,WB,Dispensary,Wb,"Asansol ESI Hospital Campus, Burdwan",False,,,
2255,WB,Dispensary,Wb,"Super Bazar Complex, Near-Durgapur Railway Stn. Burdwan",False,,,
2256,WB,Dispensary,Wb,"106, Madhu Sarani, P.O- Searsole, Raniganj Dist- Burdwan, Pin no-713358",False,,,
2257,WB,Dispensary,Wb,"Abdul Mouri Bazar, Sankrail Subhas Pally, PO: Ulsani, Howrah-711309",False,,,
2258,WB,Dispensary,Wb,"Near Keshaban Rayon Gate PO- Nayabazar, Dunlaghat, Pin-712515",True,esic.gov.in,ESIC Dispensaries | Employees' State Insurance Corporation,https://www.esic.gov.in/dispensaries
2259,WB,Dispensary,Wb,"ESIC Building Paribahan Nagar, Matigara, Darjeeling-734010",False,,,
2260,WB,Dispensary,Wb,"ESI Service Dispensary 1,Prantika Health Center Complex, Near Prantika Five Point Crossing, A Zone, Durgapur 713 204",False,,,
2261,WB,Dispensary,Wb,"196 A/1, PICNIC GARDEN ROAD, KOLKATA /700039 [VIP Bazar Bus stop, Colony bazar, Picnic Garden, Near CBI Branch]",False,,,
2262,WB,Dispensary,Wb,"House of Arun Datta, Tulbari hat, Tulbari, Dhupguri, Jalpaiguri, Pin- 734015",False,,,
2263,WB,Dispensary,Tadong,"Tadong ESIC Dispensary, C/o M/s Trinley Wangmo, 5th Mile, Tadong, Near Emel, P.O. - Tadong, Gangtok, East Sikkim",False,,,
2264,WB,Dispensary,Sikkim,"Rangpo ESIC Dispensary, C/o Shri Ganesh Sharma, IBM, P.O - Rangpo, East Sikkim, 737132",False,,,
2265,WB,Branch Office,Parganas,"32, East Ghosh Para Road, 2nd Floor, Authpur, 24 Parganas (N), PIN - 743128 Jagatdal",False,,,
2266,WB,Branch Office,Parganas,"Barasat BO, 1st Floor, 76/7/1, Ashutosh Ghosh RD, Barasat North 24 PGS(N)",False,,,
2267,WB,Branch Office,Parganas,"25, East Ghosh Para Road, Authpur, 24 Parganas (N), PIN - 743128, Jagatdal",False,,,
2268,WB,Branch Office,Hooghly,"8, R.G. Avenue, Sarane Garane, Bhadreswar, Hooghly, Ward No 3, Belresbat",False,,,
2269,WB,Branch Office,Bauria,"'Kalyani Bhawan', Domjur Road, Post-Burikhali (W), Howrah, Bauria",False,,,
2270,WB,Branch Office,Ulubari,"2/8, G.T. Road, Belur Math, Ulubari, Howrah-711202",False,,,
2271,WB,Branch Office,Hooghly,"Palika Bazar, Market Complex, 2nd Floor Hooghly, Chandannagore-712136",False,,,
2272,WB,Branch Office,Hooghly,"Dhenua Ghat, Kalna Road, Tribeni, Hooghly-712503",False,,,
2273,WB,Branch Office,Kolkata,"44/1, B.T. Ghosh Road, Kamarhati, Kolkata, PIN - 700057",False,,,
2274,WB,Branch Office,Howrah,"74, Bellilious Road, Howrah Maidan - 711 101.",False,,,
2275,WB,Branch Office,Kolkata,"GB Block, Sector-III, ESI Hospital Staff Qtrs Kol-97 Near 13 Nos.Tank, Kolkata-700097",False,,,
2276,WB,Branch Office,Kolkata,"Rishra BO, 36,G.T. Road, Rishra, Hooghly",False,,,
2277,WB,Branch Office,Dumdum,"1, K.B. Sarani (Malluchem Road), Dum Dum, Kolkata, PIN - 700028",False,,,
2278,WB,Branch Office,Parganas,"50/1, R.B.C Road, 1st Floor, Naihati, 24 Parganas (N), PIN - 743165, Ph - 2580 5503, Dhalpara",False,,,
2279,WB,Branch Office,Parganas,"12/4, Desh Bandhu Chittaranjan Road Budge Budge, Kalipore, Kol - 700 137, 24- Parganas (N)",False,,,
2280,WB,Branch Office,Parganas,"53, Amrobal, Barasat Road, Sodepur, 24 Parganas (N), Panihati, WB-700110",False,,,
2281,WB,Branch Office,Haldia,"Manjushree Complex, Purba Medinapur, Haldia, WB-721607",False,,,
2282,WB,Branch Office,Hooghly,"65, G.T. Road, 1st Floor, Konnagar, Hooghly.",False,,,
2283,WB,Branch Office,Monoharppore,"Vill - Monoharpore, Post - Nalpur, Dist - Howrah, Burikhali",False,,,
2284,WB,Branch Office,Sankrail,"Sankrail Shiv Bazar, PS - Sankrail, Dist - Howrah, (Near 27 Bus Stand)",False,,,
2285,WB,Branch Office,Hooghly,"ESI Hospital Complex Serampore, Hooghly",True,esiwb.gov.in,Welcome to Official Website of ESI (MB) Scheme,https://esiwb.gov.in/main/Home/sreerampore_hosp
2286,WB,Branch Office,Telenipara,"8, R.B. Avenue, Sarane Garane, Bhadreswar, Hooghly, Ward No. 3, Telenipara",False,,,
2287,WB,Branch Office,Wb,"23-A/11-B, D.H. Road, Block-C, New Alipore, Kol -700 053, Taratalla with MR Off.",False,,,
2288,WB,Branch Office,Wb,"9, Nafar Kolley Road, Beliaghata, Kolkata - 15",False,,,
2289,WB,Branch Office,Kolkata,"45/1, G.B.T. Road, Cossipore, Kolkata - 700002.",False,,,
2290,WB,Branch Office,Wb,"9A/9B, Maharani Swarnamoyee Road, Kol - 9, Beside ESI Hosp Sealdah.",False,,,
2291,WB,Branch Office,Wb,"195, R.B. Avenue, Ballygunge, Kolkata - 700 019",False,,,
2292,WB,Branch Office,Wb,"Sai Plaza, 1519, R.B Road ( Talpukur), Pioneer House More, P.O& P.S: Naihati, Dist: 24 Parganas(N), West Bengal-743165",False,,,
2293,WB,Branch Office,Wb,"20, Arabinda Road, 1st floor, P.O-Naihati, 24 Parganas(N), West Bengal -743165",False,,,
2294,WB,Branch Office,Wb,"61, Arabinda Road, Salkia, Howrah, Ghusury",False,,,
2295,WB,Branch Office,Wb,"28, Dr. Sudhir Bose Road, Kidderpore, Kolkata - 700 023.",False,,,
2296,WB,Branch Office,Wb,"East Chamrail,P.O: Viberia, Village: Baikunthapur, Dist: Howrah,(Rail Station: Phuleswar),ESIC BOss building",False,,,
2297,WB,Branch Office,Wb,"P-7, Lake Road, Tollygunge, Kolkata - 700 029.",False,,,
2298,WB,Branch Office,Wb,"7/1, Desh Bandhu Chittaranjan Road, Budge Budge, PO:Birlapur, 24 Pgs. (S)",False,,,
2299,WB,Branch Office,Wb,"250, Ghosh Para Road, Shyamnagar, 24 Parganas (N), PIN - 743127",False,,,
2300,WB,Branch Office,Wb,"Jain Dithi, Burnpore Road, Asansol - 4",False,,,
2301,WB,Branch Office,Wb,"P-4, Raja Raj Krishna St. Kolkata - 700 006 (N Kolkata)",False,,,
2302,WB,Branch Office,Wb,"P-4, Raja Raj Krishna St. Kolkata - 700 006, Vigilance",False,,,
2303,WB,Branch Office,Wb,"1-9/A-4C, A-Block, Kalyani, Nadia, PIN- 741235",False,,,
2304,WB,Branch Office,Wb,"Ground Floor, Monoranjan Apartment, 103/2/1,South A.B Road, P.O- Firozepura Canttment, 24 Parganas (North) Pincode: 743129",False,,,
2305,WB,Branch Office,Wb,"183,Old Calcutta Road,Kamala housing complex,PO-Talpukur, Kolkata -700123",False,,,
2306,WB,Branch Office,Wb,"B.T. Road, Naban Nagar, Khardah, 24 Parganas (N), PIN - 700118",False,,,
2307,WB,Branch Office,Wb,"Birlapore Bazar, Post - Birlapore, 24-Pgs(S) (Pay Offc.), WB-743318",False,,,
2308,WB,Branch Office,Wb,"584, M G Road, Budge Budge, 24 Pgs (S), PIN 700137",False,,,
2309,WB,Branch Office,Wb,"2, Sanjib Chatterjee Road, Naihati, 24 Parganas (N),PIN - 743165",False,,,
2310,WB,Branch Office,Wb,"""Mainak Apartment"", Gr. Floor, Nungi Stn Road., Chhtraganj, Post: Batanagar,",False,,,
2311,WB,Branch Office,Wb,"ESI Hospital, Bidhannagar Durgapur-6",False,,,
2312,WB,Branch Office,Wb,"ESI Bandel Hospital Complex, Bandel, Hooghly Banesparia",True,esiwb.gov.in,Welcome to Official Website of ESI (MB) Scheme,https://esiwb.gov.in/main/home/bandel_hosp
2313,WB,Branch Office,Wb,"12/48, MLG Road, PO & PS Bally First Floor, Distt. Howrah-711201",False,,,
2314,WB,Branch Office,Wb,"T N Mukherjee Road, Dankuni, Hooghly - 712311",False,,,
2315,WB,Branch Office,Wb,"2nd Floor, UBI Building., Puratan Bazar Kharagpur, WB 721301",False,,,
2316,WB,Branch Office,Wb,"ESIC Hospital Complex Joka, D.H. Road, Behala",False,,,
2317,WB,Branch Office,Wb,"110, Feeder Road, Belghoria, Kolkata, PIN - 700056, South Belghoria",False,,,
2318,WB,Branch Office,Kolkata,"South Belgharia BO, Flat No. 1 & 3, Block 'B' 1st Floor, PO., Madhusudan Banerjee RD, P.S. Belghoria, Kolkata",False,,,
2319,WB,Branch Office,Wb,"Barahanagar BO, 1st Floor,187, B.T. Road, Kol-700108",False,,,
2320,WB,Branch Office,Wb,"5/2, J.N. Chatterjee Road,Shibpur, HOWRAH 711102",False,,,
2321,WB,Branch Office,Wb,"ESIC Building, Paribahan Nagar, Matigara,Darjeeling-734010",False,,,
2322,WB,Branch Office,Wb,"Makardah Road, Post - Dasprajpore, (Near Sujata Cinema Hall) Dist.- Howrah",False,,,
2323,WB,Branch Office,Wb,"1st Floor, W/XII, G.T. Road, Serampore, Hooghly, West Bengal",False,,,
2324,WB,Branch Office,Wb,"Branch Office Kulti Jug Pharmacy G T Road, Neamatpur more, Dist: Burdwan",False,,,
2325,WB,Branch Office,Wb,"2nd Floor, Manglik Bhawan, 90D, GT Road, near Star Cinema, Burdwan - 713101",False,,,
2326,WB,Branch Office,Wb,"ESIC Mejia BO, P.O & Vill-Durlavpur, Dist- Bankura, West Bengal, Pin-722133, (Junction of Durgapur Road & NH-60), H/O: Sri Subal Chandra Jana, M-9475288541",False,,,
2327,WB,Branch Office,Wb,"New Park, G T Road, Bansel, Hooghly, PS: Chinsura, PIN 712123",False,,,
2328,WB,Branch Office,Sikkim,"c/o Iswar Chandra Sharma, Dena Building, NH 10, Gaingaon, P.O.-Tadong, Pin-737102, Gangtok, Sikkim",False,,,
